,0,1,2,3,4,5,6,7,8,9,10,11,12,13,14,15,16,17,18
0,71,1405.161732,1.7999999999999998e-30,1.108e-09.0352.0370,933.53090.720.000000,X,1,X,0,O,25P,25,d50222049,110,9,4,0.0,49.0,51.0
1,71,1407.321248,3.9999999999999996e-30,2.667e-09.0352.0370,931.74310.720.000000,X,1,X,0,O,25O,24,q50222049,110,9,4,0.0,45.0,49.0
2,71,1407.343126,4.1199999999999995e-30,2.653e-09.0352.0370,933.53090.720.000000,X,1,X,0,O,25O,25,q50222049,110,9,4,0.0,47.0,51.0
3,71,1407.355409,4.35e-30,2.659e-09.0352.0370,931.33720.720.000000,X,1,X,0,O,25O,26,q50222049,110,9,4,0.0,49.0,53.0
4,71,1409.1308880000001,1.61e-30,1.030e-09.0352.0370,931.74310.720.000000,X,1,X,0,O,25P,24,d50222049,110,9,4,0.0,47.0,49.0
5,71,1417.975875,3.32e-30,1.146e-09.0357.0390,793.20870.720.000000,X,1,X,0,O,23P,23,d50222049,110,9,4,0.0,45.0,47.0
6,71,1417.975875,2.95e-32,1.018e-11.0357.0390,793.20870.720.000000,X,1,X,0,O,23P,23,q50222049,110,9,4,0.0,45.0,47.0
7,71,1420.116961,7.43e-30,2.799e-09.0357.0390,791.40310.720.000000,X,1,X,0,O,23O,22,q50222049,110,9,4,0.0,41.0,45.0
8,71,1420.13906,7.689999999999999e-30,2.786e-09.0357.0390,793.20870.720.000000,X,1,X,0,O,23O,23,q50222049,110,9,4,0.0,43.0,47.0
9,71,1420.151516,8.139999999999999e-30,2.789e-09.0357.0390,791.03310.720.000000,X,1,X,0,O,23O,24,q50222049,110,9,4,0.0,45.0,49.0
10,71,1421.944643,2.9299999999999997e-30,1.055e-09.0357.0390,791.40310.720.000000,X,1,X,0,O,23P,22,d50222049,110,9,4,0.0,43.0,45.0
11,71,1421.944643,3.19e-32,1.149e-11.0357.0390,791.40310.720.000000,X,1,X,0,O,23P,22,q50222049,110,9,4,0.0,43.0,45.0
12,71,1430.684628,6.2e-32,1.278e-11.0372.0410,664.25950.720.000000,X,1,X,0,O,21P,21,q50222049,110,9,4,0.0,41.0,43.0
13,71,1430.684628,5.75e-30,1.185e-09.0372.0410,664.25950.720.000000,X,1,X,0,O,21P,21,d50222049,110,9,4,0.0,41.0,43.0
14,71,1432.807028,1.2899999999999998e-29,2.928e-09.0372.0410,662.43590.720.000000,X,1,X,0,O,21O,20,q50222049,110,9,4,0.0,37.0,41.0
15,71,1432.829414,1.3499999999999998e-29,2.933e-09.0372.0410,664.25950.720.000000,X,1,X,0,O,21O,21,q50222049,110,9,4,0.0,39.0,43.0
16,71,1432.842085,1.4299999999999998e-29,2.925e-09.0372.0410,662.10200.720.000000,X,1,X,0,O,21O,22,q50222049,110,9,4,0.0,41.0,45.0
17,71,1434.6530480000001,5e-30,1.080e-09.0372.0410,662.43590.720.000000,X,1,X,0,O,21P,20,d50222049,110,9,4,0.0,39.0,41.0
18,71,1434.6530480000001,6.749999999999999e-32,1.457e-11.0372.0410,662.43590.720.000000,X,1,X,0,O,21P,20,q50222049,110,9,4,0.0,39.0,41.0
19,71,1443.286205,9.339999999999999e-30,1.226e-09.0391.0420,546.70420.720.000000,X,1,X,0,O,19P,19,d50222049,110,9,4,0.0,37.0,39.0
20,71,1443.286205,1.24e-31,1.627e-11.0391.0420,546.70420.720.000000,X,1,X,0,O,19P,19,q50222049,110,9,4,0.0,37.0,39.0
21,71,1445.389561,2.11e-29,3.086e-09.0391.0420,544.86220.720.000000,X,1,X,0,O,19O,18,q50222049,110,9,4,0.0,33.0,37.0
22,71,1445.412329,2.21e-29,3.075e-09.0391.0420,546.70420.720.000000,X,1,X,0,O,19O,19,q50222049,110,9,4,0.0,35.0,39.0
23,71,1445.425277,2.36e-29,3.074e-09.0391.0420,544.56510.720.000000,X,1,X,0,O,19O,20,q50222049,110,9,4,0.0,37.0,41.0
24,71,1447.2543150000001,1.36e-31,1.880e-11.0391.0420,544.86220.720.000000,X,1,X,0,O,19P,18,q50222049,110,9,4,0.0,35.0,37.0
25,71,1447.2543150000001,7.989999999999999e-30,1.105e-09.0391.0420,544.86220.720.000000,X,1,X,0,O,19P,18,d50222049,110,9,4,0.0,35.0,37.0
26,71,1455.77885,2.3899999999999997e-31,2.135e-11.0405.0430,440.56180.720.000000,X,1,X,0,O,17P,17,q50222049,110,9,4,0.0,33.0,35.0
27,71,1455.77885,1.4199999999999998e-29,1.269e-09.0405.0430,440.56180.720.000000,X,1,X,0,O,17P,17,d50222049,110,9,4,0.0,33.0,35.0
28,71,1457.8626470000002,3.21e-29,3.244e-09.0405.0430,438.70100.720.000000,X,1,X,0,O,17O,16,q50222049,110,9,4,0.0,29.0,33.0
29,71,1457.885947,3.38e-29,3.224e-09.0405.0430,440.56180.720.000000,X,1,X,0,O,17O,17,q50222049,110,9,4,0.0,31.0,35.0
30,71,1457.899268,3.63e-29,3.220e-09.0405.0430,438.44130.720.000000,X,1,X,0,O,17O,18,q50222049,110,9,4,0.0,33.0,37.0
31,71,1459.7466949999998,1.19e-29,1.128e-09.0405.0430,438.70100.720.000000,X,1,X,0,O,17P,16,d50222049,110,9,4,0.0,31.0,33.0
32,71,1459.7466949999998,2.6399999999999998e-31,2.502e-11.0405.0430,438.70100.720.000000,X,1,X,0,O,17P,16,q50222049,110,9,4,0.0,31.0,33.0
33,71,1468.160866,4.39e-31,2.865e-11.0419.0440,345.84950.720.000000,X,1,X,0,O,15P,15,q50222049,110,9,4,0.0,29.0,31.0
34,71,1468.160866,2.02e-29,1.318e-09.0419.0440,345.84950.720.000000,X,1,X,0,O,15P,15,d50222049,110,9,4,0.0,29.0,31.0
35,71,1470.224332,4.54e-29,3.415e-09.0419.0440,343.96940.720.000000,X,1,X,0,O,15O,14,q50222049,110,9,4,0.0,25.0,29.0
36,71,1470.248413,4.8099999999999996e-29,3.381e-09.0419.0440,345.84950.720.000000,X,1,X,0,O,15O,15,q50222049,110,9,4,0.0,27.0,31.0
37,71,1470.2622529999999,5.22e-29,3.381e-09.0419.0440,343.74810.720.000000,X,1,X,0,O,15O,16,q50222049,110,9,4,0.0,29.0,33.0
38,71,1472.128493,1.6499999999999999e-29,1.152e-09.0419.0440,343.96940.720.000000,X,1,X,0,O,15P,14,d50222049,110,9,4,0.0,27.0,29.0
39,71,1472.128493,4.92e-31,3.435e-11.0419.0440,343.96940.720.000000,X,1,X,0,O,15P,14,q50222049,110,9,4,0.0,27.0,29.0
40,71,1480.430658,7.7699999999999995e-31,3.990e-11.0459.0450,262.58270.720.000000,X,1,X,0,O,13P,13,q50422049,11010,4,0,25.0,27.0,
41,71,1480.430658,2.67e-29,1.371e-09.0459.0450,262.58270.720.000000,X,1,X,0,O,13P,13,d50422049,11010,4,0,25.0,27.0,
42,71,1482.472567,5.919999999999999e-29,3.595e-09.0459.0450,260.68240.720.000000,X,1,X,0,O,13O,12,q50422049,11010,4,0,21.0,25.0,
43,71,1482.497868,6.35e-29,3.554e-09.0459.0450,262.58270.720.000000,X,1,X,0,O,13O,13,q50422049,11010,4,0,23.0,27.0,
44,71,1482.512473,6.98e-29,3.558e-09.0459.0450,260.50090.720.000000,X,1,X,0,O,13O,14,q50422049,11010,4,0,25.0,29.0,
45,71,1484.398123,2.11e-29,1.173e-09.0459.0450,260.68240.720.000000,X,1,X,0,O,13P,12,d50422049,11010,4,0,23.0,25.0,
46,71,1484.398123,8.83e-31,4.909e-11.0459.0450,260.68240.720.000000,X,1,X,0,O,13P,12,q50422049,11010,4,0,23.0,25.0,
47,71,1492.58683,3.27e-29,1.433e-09.0475.0470,190.77480.720.000000,X,1,X,0,O,11P,11,d50422049,11010,4,0,21.0,23.0,
48,71,1492.58683,1.3299999999999999e-30,5.829e-11.0475.0470,190.77480.720.000000,X,1,X,0,O,11P,11,q50422049,11010,4,0,21.0,23.0,
49,71,1492.976766,4.15e-32,2.473e-12.0555.0550,79.60700.720.000000,X,1,X,0,M,7O,6,q50422049,11010,4,0,9.0,13.0,
50,71,1494.508576,1.42e-32,6.181e-13.0475.0470,188.85310.720.000000,X,1,X,0,O,11Q,10,d50422049,11010,4,0,21.0,21.0,
51,71,1494.6050710000002,7.08e-29,3.808e-09.0475.0470,188.85310.720.000000,X,1,X,0,O,11O,10,q50422049,11010,4,0,17.0,21.0,
52,71,1494.6324539999998,7.7e-29,3.740e-09.0475.0470,190.77480.720.000000,X,1,X,0,O,11O,11,q50422049,11010,4,0,19.0,23.0,
53,71,1494.648262,8.609999999999999e-29,3.746e-09.0475.0470,188.71340.720.000000,X,1,X,0,O,11O,12,q50422049,11010,4,0,21.0,25.0,
54,71,1496.5542,1.5399999999999998e-30,7.429e-11.0475.0470,188.85310.720.000000,X,1,X,0,O,11P,10,q50422049,11010,4,0,19.0,21.0,
55,71,1496.5542,2.47e-29,1.192e-09.0475.0470,188.85310.720.000000,X,1,X,0,O,11P,10,d50422049,11010,4,0,19.0,21.0,
56,71,1504.628422,2.22e-30,9.108e-11.0497.0490,130.43750.720.000000,X,1,X,0,O,9P,9,q50422049,11010,4,0,17.0,19.0,
57,71,1504.628422,3.69e-29,1.514e-09.0497.0490,130.43750.720.000000,X,1,X,0,O,9P,9,d50422049,11010,4,0,17.0,19.0,
58,71,1506.573898,2.3599999999999997e-32,9.616e-13.0497.0490,128.49200.720.000000,X,1,X,0,O,9Q,8,d50422049,11010,4,0,17.0,17.0,
59,71,1506.573898,2.7099999999999997e-32,1.104e-12.0497.0490,128.49200.720.000000,X,1,X,0,O,9Q,8,q50422049,11010,4,0,17.0,17.0,
60,71,1506.618905,7.609999999999999e-29,4.055e-09.0497.0490,128.49200.720.000000,X,1,X,0,O,9O,8,q50422049,11010,4,0,13.0,17.0,
61,71,1506.650315,8.47e-29,3.949e-09.0497.0490,130.43750.720.000000,X,1,X,0,O,9O,9,q50422049,11010,4,0,15.0,19.0,
62,71,1506.6681859999999,9.729999999999999e-29,3.963e-09.0497.0490,128.39770.720.000000,X,1,X,0,O,9O,10,q50422049,11010,4,0,17.0,21.0,
63,71,1508.595791,2.59e-29,1.199e-09.0497.0490,128.49200.720.000000,X,1,X,0,O,9P,8,d50422049,11010,4,0,15.0,17.0,
64,71,1508.595791,2.6599999999999998e-30,1.232e-10.0497.0490,128.49200.720.000000,X,1,X,0,O,9P,8,q50422049,11010,4,0,15.0,17.0,
65,71,1516.2369130000002,2.11e-31,1.946e-11.0593.0600,42.20010.970.000000,X,1,X,0,M,5O,4,q50422049,11010,4,0,5.0,9.0,
66,71,1516.555582,3.78e-29,1.625e-09.0523.0520,81.58050.720.000000,X,1,X,0,O,7P,7,d50422049,11010,4,0,13.0,15.0,
67,71,1516.555582,3.68e-30,1.582e-10.0523.0520,81.58050.720.000000,X,1,X,0,O,7P,7,q50422049,11010,4,0,13.0,15.0,
68,71,1518.508675,7.089999999999999e-29,4.371e-09.0523.0520,79.60700.720.000000,X,1,X,0,O,7O,6,q50422049,11010,4,0,9.0,13.0,
69,71,1518.529087,3.95e-32,1.686e-12.0523.0520,79.60700.720.000000,X,1,X,0,O,7Q,6,d50422049,11010,4,0,13.0,13.0,
70,71,1518.529087,7.869999999999999e-32,3.359e-12.0523.0520,79.60700.720.000000,X,1,X,0,O,7Q,6,q50422049,11010,4,0,13.0,13.0,
71,71,1518.549593,8.219999999999999e-29,4.187e-09.0523.0520,81.58050.720.000000,X,1,X,0,O,7O,7,q50422049,11010,4,0,11.0,15.0,
72,71,1518.571469,9.889999999999999e-29,4.221e-09.0523.0520,79.56460.720.000000,X,1,X,0,O,7O,8,q50422049,11010,4,0,13.0,17.0,
73,71,1520.523099,4.6399999999999994e-30,2.347e-10.0523.0520,79.60700.720.000000,X,1,X,0,O,7P,6,q50422049,11010,4,0,11.0,13.0,
74,71,1520.523099,2.36e-29,1.194e-09.0523.0520,79.60700.720.000000,X,1,X,0,O,7P,6,d50422049,11010,4,0,11.0,13.0,
75,71,1528.372048,3.44e-29,1.809e-09.0555.0550,44.21170.720.000000,X,1,X,0,O,5P,5,d50422049,11010,4,0,9.0,11.0,
76,71,1528.372048,6.2399999999999995e-30,3.281e-10.0555.0550,44.21170.720.000000,X,1,X,0,O,5P,5,q50422049,11010,4,0,9.0,11.0,
77,71,1530.254392,5.159999999999999e-29,4.848e-09.0555.0550,42.20010.720.000000,X,1,X,0,O,5O,4,q50422049,11010,4,0,5.0,9.0,
78,71,1530.32843,6.55e-29,4.439e-09.0555.0550,44.21170.720.000000,X,1,X,0,O,5O,5,q50422049,11010,4,0,7.0,11.0,
79,71,1530.359789,8.729999999999999e-29,4.558e-09.0555.0550,42.22400.720.000000,X,1,X,0,O,5O,6,q50422049,11010,4,0,9.0,13.0,
80,71,1530.3836410000001,6.94e-32,3.623e-12.0555.0550,42.20010.720.000000,X,1,X,0,O,5Q,4,d50422049,11010,4,0,9.0,9.0,
81,71,1530.3836410000001,2.97e-31,1.551e-11.0555.0550,42.20010.720.000000,X,1,X,0,O,5Q,4,q50422049,11010,4,0,9.0,9.0,
82,71,1532.340024,1.71e-29,1.151e-09.0555.0550,42.20010.720.000000,X,1,X,0,O,5P,4,d50422049,11010,4,0,7.0,9.0,
83,71,1532.340024,8.66e-30,5.828e-10.0555.0550,42.20010.720.000000,X,1,X,0,O,5P,4,q50422049,11010,4,0,7.0,9.0,
84,71,1538.455461,1.3199999999999999e-31,7.907e-10.0347.0340,1422.49830.720.000000,X,1,X,0,Q,31R,31,d40252049,112,9,4,0.0,65.0,63.0
85,71,1538.9692619999998,1.36e-31,8.686e-10.0347.0340,1422.49830.720.000000,X,1,X,0,Q,31P,31,d40252049,112,9,4,0.0,61.0,63.0
86,71,1540.098562,1.18e-29,4.950e-09.0593.0600,16.25290.970.000000,X,1,X,0,O,3O,2,q50422049,11010,4,0,1.0,5.0,
87,71,1540.099852,2.65e-29,2.246e-09.0593.0600,18.33720.970.000000,X,1,X,0,O,3P,3,d50422049,11010,4,0,5.0,7.0,
88,71,1540.099852,1.16e-29,9.830e-10.0593.0600,18.33720.970.000000,X,1,X,0,O,3P,3,q50422049,11010,4,0,5.0,7.0,
89,71,1540.402195,2.89e-31,7.926e-10.0348.0350,1248.20130.720.000000,X,1,X,0,Q,29R,29,d40252049,112,9,4,0.0,61.0,59.0
90,71,1540.702668,4.4999999999999995e-31,2.674e-09.0347.0340,1420.25110.720.000000,X,1,X,0,Q,31Q,32,q40252049,112,9,4,0.0,65.0,65.0
91,71,1540.702668,7.29e-31,4.332e-09.0347.0340,1420.25110.720.000000,X,1,X,0,Q,31Q,32,d40252049,112,9,4,0.0,65.0,65.0
92,71,1540.704509,6.8699999999999996e-31,4.361e-09.0347.0340,1420.76310.720.000000,X,1,X,0,Q,31Q,30,d40252049,112,9,4,0.0,61.0,61.0
93,71,1540.704509,4.21e-31,2.672e-09.0347.0340,1420.76310.720.000000,X,1,X,0,Q,31Q,30,q40252049,112,9,4,0.0,61.0,61.0
94,71,1540.7085650000001,1.1e-35,6.818e-14.0347.0340,1422.49830.720.000000,X,1,X,0,Q,31Q,31,d40252049,112,9,4,0.0,63.0,63.0
95,71,1540.7085650000001,4.3e-31,2.665e-09.0347.0340,1422.49830.720.000000,X,1,X,0,Q,31Q,31,q40252049,112,9,4,0.0,63.0,63.0
96,71,1540.880801,2.97e-31,8.722e-10.0348.0350,1248.20130.720.000000,X,1,X,0,Q,29P,29,d40252049,112,9,4,0.0,57.0,59.0
97,71,1541.9849689999999,3.0399999999999997e-29,4.304e-09.0593.0600,18.33720.970.000000,X,1,X,0,O,3O,3,q50422049,11010,4,0,3.0,7.0,
98,71,1542.0494210000002,6.05e-29,5.092e-09.0593.0600,16.38760.970.000000,X,1,X,0,O,3O,4,q50422049,11010,4,0,5.0,9.0,
99,71,1542.1841689999999,2.3e-30,1.935e-10.0593.0600,16.25290.970.000000,X,1,X,0,O,3Q,2,q50422049,11010,4,0,5.0,5.0,
100,71,1542.1841689999999,1.4599999999999999e-31,1.228e-11.0593.0600,16.25290.970.000000,X,1,X,0,O,3Q,2,d50422049,11010,4,0,5.0,5.0,
101,71,1542.2225039999998,5.96e-31,7.939e-10.0350.0360,1085.20330.720.000000,X,1,X,0,Q,27R,27,d50252049,112,9,4,0.0,57.0,55.0
102,71,1542.443813,1.3699999999999998e-31,8.439e-10.0347.0340,1420.76310.720.000000,X,1,X,0,Q,31R,30,d40252049,112,9,4,0.0,63.0,61.0
103,71,1542.631632,1.5999999999999998e-30,4.353e-09.0348.0350,1245.97180.720.000000,X,1,X,0,Q,29Q,30,d40252049,112,9,4,0.0,61.0,61.0
104,71,1542.631632,9.89e-31,2.691e-09.0348.0350,1245.97180.720.000000,X,1,X,0,Q,29Q,30,q40252049,112,9,4,0.0,61.0,61.0
105,71,1542.633427,9.22e-31,2.691e-09.0348.0350,1246.44860.720.000000,X,1,X,0,Q,29Q,28,q40252049,112,9,4,0.0,57.0,57.0
106,71,1542.633427,1.5e-30,4.378e-09.0348.0350,1246.44860.720.000000,X,1,X,0,Q,29Q,28,d40252049,112,9,4,0.0,57.0,57.0
107,71,1542.637487,2.76e-35,7.849e-14.0348.0350,1248.20130.720.000000,X,1,X,0,Q,29Q,29,d40252049,112,9,4,0.0,59.0,59.0
108,71,1542.637487,9.429999999999999e-31,2.682e-09.0348.0350,1248.20130.720.000000,X,1,X,0,Q,29Q,29,q40252049,112,9,4,0.0,59.0,59.0
109,71,1542.665736,6.13e-31,8.787e-10.0350.0360,1085.20330.720.000000,X,1,X,0,Q,27P,27,d50252049,112,9,4,0.0,53.0,55.0
110,71,1542.9557730000001,1.34e-31,8.239e-10.0347.0340,1420.25110.720.000000,X,1,X,0,Q,31P,32,d40252049,112,9,4,0.0,63.0,65.0
111,71,1543.9164050000002,1.7e-32,1.168e-11.0352.0370,933.53090.720.000000,X,1,X,0,Q,25R,25,q50262049,112,9,4,0.0,53.0,51.0
112,71,1543.9164050000002,1.15e-30,7.900e-10.0352.0370,933.53090.720.000000,X,1,X,0,Q,25R,25,d50262049,112,9,4,0.0,53.0,51.0
113,71,1544.069286,2.08e-29,2.923e-09.0593.0600,16.25290.970.000000,X,1,X,0,O,3P,2,q50422049,11010,4,0,3.0,5.0,
114,71,1544.069286,6.51e-30,9.149e-10.0593.0600,16.25290.970.000000,X,1,X,0,O,3P,2,d50422049,11010,4,0,3.0,5.0,
115,71,1544.32404,1.19e-30,8.847e-10.0352.0370,933.53090.720.000000,X,1,X,0,Q,25P,25,d50262049,112,9,4,0.0,49.0,51.0
116,71,1544.32404,1.8e-32,1.338e-11.0352.0370,933.53090.720.000000,X,1,X,0,Q,25P,25,q50262049,112,9,4,0.0,49.0,51.0
117,71,1544.3901119999998,3e-31,8.478e-10.0348.0350,1246.44860.720.000000,X,1,X,0,Q,29R,28,d40252049,112,9,4,0.0,59.0,57.0
118,71,1544.434104,3.2999999999999996e-30,4.361e-09.0350.0360,1082.99170.720.000000,X,1,X,0,Q,27Q,28,d50252049,112,9,4,0.0,57.0,57.0
119,71,1544.434104,2.0499999999999998e-30,2.709e-09.0350.0360,1082.99170.720.000000,X,1,X,0,Q,27Q,28,q50252049,112,9,4,0.0,57.0,57.0
120,71,1544.435858,1.8999999999999998e-30,2.706e-09.0350.0360,1083.43320.720.000000,X,1,X,0,Q,27Q,26,q50252049,112,9,4,0.0,53.0,53.0
121,71,1544.435858,3.09e-30,4.402e-09.0350.0360,1083.43320.720.000000,X,1,X,0,Q,27Q,26,d50252049,112,9,4,0.0,53.0,53.0
122,71,1544.43992,1.9499999999999998e-30,2.700e-09.0350.0360,1085.20330.720.000000,X,1,X,0,Q,27Q,27,q50252049,112,9,4,0.0,55.0,55.0
123,71,1544.43992,6.53e-35,9.041e-14.0350.0360,1085.20330.720.000000,X,1,X,0,Q,27Q,27,d50252049,112,9,4,0.0,55.0,55.0
124,71,1544.866923,2.93e-31,8.266e-10.0348.0350,1245.97180.720.000000,X,1,X,0,Q,29P,30,d40252049,112,9,4,0.0,59.0,61.0
125,71,1545.4839220000001,3.66e-32,1.378e-11.0354.0380,793.20870.720.000000,X,1,X,0,Q,23R,23,q50262049,112,9,4,0.0,49.0,47.0
126,71,1545.4839220000001,2.0999999999999998e-30,7.905e-10.0354.0380,793.20870.720.000000,X,1,X,0,Q,23R,23,d50262049,112,9,4,0.0,49.0,47.0
127,71,1545.855676,2.17e-30,8.898e-10.0354.0380,793.20870.720.000000,X,1,X,0,Q,23P,23,d50262049,112,9,4,0.0,45.0,47.0
128,71,1545.855676,3.89e-32,1.595e-11.0354.0380,793.20870.720.000000,X,1,X,0,Q,23P,23,q50262049,112,9,4,0.0,45.0,47.0
129,71,1546.110081,3.99e-30,2.720e-09.0352.0370,931.33720.720.000000,X,1,X,0,Q,25Q,26,q50262049,112,9,4,0.0,53.0,53.0
130,71,1546.110081,6.41e-30,4.369e-09.0352.0370,931.33720.720.000000,X,1,X,0,Q,25Q,26,d50262049,112,9,4,0.0,53.0,53.0
131,71,1546.111802,5.98e-30,4.417e-09.0352.0370,931.74310.720.000000,X,1,X,0,Q,25Q,24,d50262049,112,9,4,0.0,49.0,49.0
132,71,1546.111802,3.68e-30,2.718e-09.0352.0370,931.74310.720.000000,X,1,X,0,Q,25Q,24,q50262049,112,9,4,0.0,49.0,49.0
133,71,1546.115864,1.47e-34,1.052e-13.0352.0370,933.53090.720.000000,X,1,X,0,Q,25Q,25,d50262049,112,9,4,0.0,51.0,51.0
134,71,1546.115864,3.78e-30,2.706e-09.0352.0370,933.53090.720.000000,X,1,X,0,Q,25Q,25,q50262049,112,9,4,0.0,51.0,51.0
135,71,1546.210042,6.2e-31,8.530e-10.0350.0360,1083.43320.720.000000,X,1,X,0,Q,27R,26,d50252049,112,9,4,0.0,55.0,53.0
136,71,1546.65152,6.04e-31,8.297e-10.0350.0360,1082.99170.720.000000,X,1,X,0,Q,27P,28,d50252049,112,9,4,0.0,55.0,57.0
137,71,1546.925092,3.5999999999999996e-30,7.898e-10.0356.0390,664.25950.720.000000,X,1,X,0,Q,21R,21,d50262049,112,9,4,0.0,45.0,43.0
138,71,1546.925092,7.49e-32,1.643e-11.0356.0390,664.25950.720.000000,X,1,X,0,Q,21R,21,q50262049,112,9,4,0.0,45.0,43.0
139,71,1547.260595,7.999999999999999e-32,1.927e-11.0356.0390,664.25950.720.000000,X,1,X,0,Q,21P,21,q50262049,112,9,4,0.0,41.0,43.0
140,71,1547.260595,3.73e-30,8.986e-10.0356.0390,664.25950.720.000000,X,1,X,0,Q,21P,21,d50262049,112,9,4,0.0,41.0,43.0
141,71,1547.6595630000002,1.17e-29,4.370e-09.0354.0380,791.03310.720.000000,X,1,X,0,Q,23Q,24,d50262049,112,9,4,0.0,49.0,49.0
142,71,1547.6595630000002,7.31e-30,2.730e-09.0354.0380,791.03310.720.000000,X,1,X,0,Q,23Q,24,q50262049,112,9,4,0.0,49.0,49.0
143,71,1547.661259,1.09e-29,4.441e-09.0354.0380,791.40310.720.000000,X,1,X,0,Q,23Q,22,d50262049,112,9,4,0.0,45.0,45.0
144,71,1547.661259,6.699999999999999e-30,2.730e-09.0354.0380,791.40310.720.000000,X,1,X,0,Q,23Q,22,q50262049,112,9,4,0.0,45.0,45.0
145,71,1547.665316,6.899999999999999e-30,2.715e-09.0354.0380,793.20870.720.000000,X,1,X,0,Q,23Q,23,q50262049,112,9,4,0.0,47.0,47.0
146,71,1547.665316,3.1699999999999997e-34,1.247e-13.0354.0380,793.20870.720.000000,X,1,X,0,Q,23Q,23,d50262049,112,9,4,0.0,47.0,47.0
147,71,1547.903626,1.2e-30,8.536e-10.0352.0370,931.74310.720.000000,X,1,X,0,Q,25R,24,d50262049,112,9,4,0.0,51.0,49.0
148,71,1547.903626,1.83e-32,1.302e-11.0352.0370,931.74310.720.000000,X,1,X,0,Q,25R,24,q50262049,112,9,4,0.0,51.0,49.0
149,71,1548.2399619999999,1.4599999999999999e-31,1.989e-11.0370.0400,546.70420.720.000000,X,1,X,0,Q,19R,19,q50662049,112,9,4,0.0,41.0,39.0
150,71,1548.2399619999999,5.7699999999999996e-30,7.860e-10.0370.0400,546.70420.720.000000,X,1,X,0,Q,19R,19,d50662049,112,9,4,0.0,41.0,39.0
151,71,1548.30954,1.7399999999999998e-32,1.236e-11.0352.0370,931.33720.720.000000,X,1,X,0,Q,25P,26,q50262049,112,9,4,0.0,51.0,53.0
152,71,1548.30954,1.17e-30,8.311e-10.0352.0370,931.33720.720.000000,X,1,X,0,Q,25P,26,d50262049,112,9,4,0.0,51.0,53.0
153,71,1548.538728,1.57e-31,2.371e-11.0370.0400,546.70420.720.000000,X,1,X,0,Q,19P,19,q50662049,112,9,4,0.0,37.0,39.0
154,71,1548.538728,6.0099999999999994e-30,9.075e-10.0370.0400,546.70420.720.000000,X,1,X,0,Q,19P,19,d50662049,112,9,4,0.0,37.0,39.0
155,71,1549.082548,1.26e-29,2.743e-09.0356.0390,662.10200.720.000000,X,1,X,0,Q,21Q,22,q50262049,112,9,4,0.0,45.0,45.0
156,71,1549.082548,2.02e-29,4.398e-09.0356.0390,662.10200.720.000000,X,1,X,0,Q,21Q,22,d50262049,112,9,4,0.0,45.0,45.0
157,71,1549.0842289999998,1.86e-29,4.452e-09.0356.0390,662.43590.720.000000,X,1,X,0,Q,21Q,20,d50262049,112,9,4,0.0,41.0,41.0
158,71,1549.0842289999998,1.14e-29,2.729e-09.0356.0390,662.43590.720.000000,X,1,X,0,Q,21Q,20,q50262049,112,9,4,0.0,41.0,41.0
159,71,1549.088277,1.18e-29,2.717e-09.0356.0390,664.25950.720.000000,X,1,X,0,Q,21Q,21,q50262049,112,9,4,0.0,43.0,43.0
160,71,1549.088277,6.489999999999999e-34,1.494e-13.0356.0390,664.25950.720.000000,X,1,X,0,Q,21Q,21,d50262049,112,9,4,0.0,43.0,43.0
161,71,1549.428604,2.72e-31,2.455e-11.0389.0410,440.56180.720.000000,X,1,X,0,Q,17R,17,q50662049,112,9,4,0.0,37.0,35.0
162,71,1549.428604,8.67e-30,7.824e-10.0389.0410,440.56180.720.000000,X,1,X,0,Q,17R,17,d50662049,112,9,4,0.0,37.0,35.0
163,71,1549.470899,2.2e-30,8.602e-10.0354.0380,791.40310.720.000000,X,1,X,0,Q,23R,22,d50262049,112,9,4,0.0,47.0,45.0
164,71,1549.470899,3.95e-32,1.544e-11.0354.0380,791.40310.720.000000,X,1,X,0,Q,23R,22,q50262049,112,9,4,0.0,47.0,45.0
165,71,1549.689973,9.06e-30,9.170e-10.0389.0410,440.56180.720.000000,X,1,X,0,Q,17P,17,d50662049,112,9,4,0.0,33.0,35.0
166,71,1549.689973,2.9499999999999997e-31,2.986e-11.0389.0410,440.56180.720.000000,X,1,X,0,Q,17P,17,q50662049,112,9,4,0.0,33.0,35.0
167,71,1549.8409570000001,2.13e-30,8.317e-10.0354.0380,791.03310.720.000000,X,1,X,0,Q,23P,24,d50262049,112,9,4,0.0,47.0,49.0
168,71,1549.8409570000001,3.7299999999999995e-32,1.457e-11.0354.0380,791.03310.720.000000,X,1,X,0,Q,23P,24,q50262049,112,9,4,0.0,47.0,49.0
169,71,1550.379035,2.03e-29,2.744e-09.0370.0400,544.56510.720.000000,X,1,X,0,Q,19Q,20,q50662049,112,9,4,0.0,41.0,41.0
170,71,1550.379035,3.2599999999999997e-29,4.407e-09.0370.0400,544.56510.720.000000,X,1,X,0,Q,19Q,20,d50662049,112,9,4,0.0,41.0,41.0
171,71,1550.380715,2.97e-29,4.455e-09.0370.0400,544.86220.720.000000,X,1,X,0,Q,19Q,18,d50662049,112,9,4,0.0,37.0,37.0
172,71,1550.380715,1.83e-29,2.745e-09.0370.0400,544.86220.720.000000,X,1,X,0,Q,19Q,18,q50662049,112,9,4,0.0,37.0,37.0
173,71,1550.384748,1.27e-33,1.824e-13.0370.0400,546.70420.720.000000,X,1,X,0,Q,19Q,19,d50662049,112,9,4,0.0,39.0,39.0
174,71,1550.384748,1.9e-29,2.728e-09.0370.0400,546.70420.720.000000,X,1,X,0,Q,19Q,19,q50662049,112,9,4,0.0,39.0,39.0
175,71,1550.491121,1.21e-29,7.737e-10.0404.0420,345.84950.720.000000,X,1,X,0,Q,15R,15,d50662049,112,9,4,0.0,33.0,31.0
176,71,1550.491121,4.86e-31,3.107e-11.0404.0420,345.84950.720.000000,X,1,X,0,Q,15R,15,q50662049,112,9,4,0.0,33.0,31.0
177,71,1550.714171,5.32e-31,3.872e-11.0404.0420,345.84950.720.000000,X,1,X,0,Q,15P,15,q50662049,112,9,4,0.0,29.0,31.0
178,71,1550.714171,1.2799999999999998e-29,9.316e-10.0404.0420,345.84950.720.000000,X,1,X,0,Q,15P,15,d50662049,112,9,4,0.0,29.0,31.0
179,71,1550.911911,3.78e-30,8.647e-10.0356.0390,662.43590.720.000000,X,1,X,0,Q,21R,20,d50262049,112,9,4,0.0,43.0,41.0
180,71,1550.911911,8.119999999999999e-32,1.857e-11.0356.0390,662.43590.720.000000,X,1,X,0,Q,21R,20,q50262049,112,9,4,0.0,43.0,41.0
181,71,1551.245734,3.6499999999999996e-30,8.339e-10.0356.0390,662.10200.720.000000,X,1,X,0,Q,21P,22,d50262049,112,9,4,0.0,43.0,45.0
182,71,1551.245734,7.63e-32,1.743e-11.0356.0390,662.10200.720.000000,X,1,X,0,Q,21P,22,q50262049,112,9,4,0.0,43.0,45.0
183,71,1551.427675,8.32e-31,4.044e-11.0417.0430,262.58270.720.000000,X,1,X,0,Q,13R,13,q50662049,112,9,4,0.0,29.0,27.0
184,71,1551.427675,1.5799999999999999e-29,7.679e-10.0417.0430,262.58270.720.000000,X,1,X,0,Q,13R,13,d50662049,112,9,4,0.0,29.0,27.0
185,71,1551.5490220000002,3.0799999999999997e-29,2.759e-09.0389.0410,438.44130.720.000000,X,1,X,0,Q,17Q,18,q50662049,112,9,4,0.0,37.0,37.0
186,71,1551.5490220000002,4.92e-29,4.407e-09.0389.0410,438.44130.720.000000,X,1,X,0,Q,17Q,18,d50662049,112,9,4,0.0,37.0,37.0
187,71,1551.550721,2.7399999999999997e-29,2.755e-09.0389.0410,438.70100.720.000000,X,1,X,0,Q,17Q,16,q50662049,112,9,4,0.0,33.0,33.0
188,71,1551.550721,4.4499999999999995e-29,4.474e-09.0389.0410,438.70100.720.000000,X,1,X,0,Q,17Q,16,d50662049,112,9,4,0.0,33.0,33.0
189,71,1551.5547279999998,2.3699999999999997e-33,2.267e-13.0389.0410,440.56180.720.000000,X,1,X,0,Q,17Q,17,d50662049,112,9,4,0.0,35.0,35.0
190,71,1551.5547279999998,2.85e-29,2.726e-09.0389.0410,440.56180.720.000000,X,1,X,0,Q,17Q,17,q50662049,112,9,4,0.0,35.0,35.0
191,71,1551.6110609999998,9.229999999999998e-31,5.205e-11.0417.0430,262.58270.720.000000,X,1,X,0,Q,13P,13,q50662049,112,9,4,0.0,25.0,27.0
192,71,1551.6110609999998,1.6699999999999999e-29,9.417e-10.0417.0430,262.58270.720.000000,X,1,X,0,Q,13P,13,d50662049,112,9,4,0.0,25.0,27.0
193,71,1552.226735,1.5999999999999999e-31,2.283e-11.0370.0400,544.86220.720.000000,X,1,X,0,Q,19R,18,q50662049,112,9,4,0.0,39.0,37.0
194,71,1552.226735,6.08e-30,8.674e-10.0370.0400,544.86220.720.000000,X,1,X,0,Q,19R,18,d50662049,112,9,4,0.0,39.0,37.0
195,71,1552.238529,1.3799999999999999e-30,5.493e-11.0431.0440,190.77480.720.000000,X,1,X,0,Q,11R,11,q50662049,112,9,4,0.0,25.0,23.0
196,71,1552.238529,1.9e-29,7.563e-10.0431.0440,190.77480.720.000000,X,1,X,0,Q,11R,11,d50662049,112,9,4,0.0,25.0,23.0
197,71,1552.380182,2.03e-29,9.622e-10.0431.0440,190.77480.720.000000,X,1,X,0,Q,11P,11,d50662049,112,9,4,0.0,21.0,23.0
198,71,1552.380182,1.55e-30,7.347e-11.0431.0440,190.77480.720.000000,X,1,X,0,Q,11P,11,q50662049,112,9,4,0.0,21.0,23.0
199,71,1552.390341,2.21e-29,8.872e-09.0570.0570,3.96110.970.000000,X,1,X,0,Q,1P,1,d50662049,112,9,4,0.0,1.0,3.0
200,71,1552.52382,1.49e-31,2.123e-11.0370.0400,544.56510.720.000000,X,1,X,0,Q,19P,20,q50662049,112,9,4,0.0,39.0,41.0
201,71,1552.52382,5.85e-30,8.337e-10.0370.0400,544.56510.720.000000,X,1,X,0,Q,19P,20,d50662049,112,9,4,0.0,39.0,41.0
202,71,1552.592508,4.3499999999999995e-29,2.761e-09.0404.0420,343.74810.720.000000,X,1,X,0,Q,15Q,16,q50662049,112,9,4,0.0,33.0,33.0
203,71,1552.592508,6.95e-29,4.411e-09.0404.0420,343.74810.720.000000,X,1,X,0,Q,15Q,16,d50662049,112,9,4,0.0,33.0,33.0
204,71,1552.594251,6.199999999999999e-29,4.482e-09.0404.0420,343.96940.720.000000,X,1,X,0,Q,15Q,14,d50662049,112,9,4,0.0,29.0,29.0
205,71,1552.594251,3.81e-29,2.754e-09.0404.0420,343.96940.720.000000,X,1,X,0,Q,15Q,14,q50662049,112,9,4,0.0,29.0,29.0
206,71,1552.598219,3.99e-29,2.723e-09.0404.0420,345.84950.720.000000,X,1,X,0,Q,15Q,15,q50662049,112,9,4,0.0,31.0,31.0
207,71,1552.598219,4.24e-33,2.894e-13.0404.0420,345.84950.720.000000,X,1,X,0,Q,15Q,15,d50662049,112,9,4,0.0,31.0,31.0
208,71,1552.924145,2.09e-29,7.393e-10.0444.0450,130.43750.720.000000,X,1,X,0,Q,9R,9,d50662049,112,9,4,0.0,21.0,19.0
209,71,1552.924145,2.2099999999999998e-30,7.818e-11.0444.0450,130.43750.720.000000,X,1,X,0,Q,9R,9,q50662049,112,9,4,0.0,21.0,19.0
210,71,1553.02064,2.5599999999999998e-30,1.119e-10.0444.0450,130.43750.720.000000,X,1,X,0,Q,9P,9,q50662049,112,9,4,0.0,17.0,19.0
211,71,1553.02064,2.26e-29,9.877e-10.0444.0450,130.43750.720.000000,X,1,X,0,Q,9P,9,d50662049,112,9,4,0.0,17.0,19.0
212,71,1553.415475,3e-31,2.851e-11.0389.0410,438.70100.720.000000,X,1,X,0,Q,17R,16,q50662049,112,9,4,0.0,35.0,33.0
213,71,1553.415475,9.17e-30,8.714e-10.0389.0410,438.70100.720.000000,X,1,X,0,Q,17R,16,d50662049,112,9,4,0.0,35.0,33.0
214,71,1553.485423,2.06e-29,7.104e-10.0460.0460,81.58050.720.000000,X,1,X,0,Q,7R,7,d50662049,112,9,4,0.0,17.0,15.0
215,71,1553.485423,3.49e-30,1.204e-10.0460.0460,81.58050.720.000000,X,1,X,0,Q,7R,7,q50662049,112,9,4,0.0,17.0,15.0
216,71,1553.509489,5.73e-29,2.764e-09.0417.0430,260.50090.720.000000,X,1,X,0,Q,13Q,14,q50662049,112,9,4,0.0,29.0,29.0
217,71,1553.509489,9.16e-29,4.419e-09.0417.0430,260.50090.720.000000,X,1,X,0,Q,13Q,14,d50662049,112,9,4,0.0,29.0,29.0
218,71,1553.511316,8.03e-29,4.497e-09.0417.0430,260.68240.720.000000,X,1,X,0,Q,13Q,12,d50662049,112,9,4,0.0,25.0,25.0
219,71,1553.511316,4.9099999999999996e-29,2.750e-09.0417.0430,260.68240.720.000000,X,1,X,0,Q,13Q,12,q50662049,112,9,4,0.0,25.0,25.0
220,71,1553.515222,5.18e-29,2.711e-09.0417.0430,262.58270.720.000000,X,1,X,0,Q,13Q,13,q50662049,112,9,4,0.0,27.0,27.0
221,71,1553.515222,7.31e-33,3.826e-13.0417.0430,262.58270.720.000000,X,1,X,0,Q,13Q,13,d50662049,112,9,4,0.0,27.0,27.0
222,71,1553.5304310000001,2.29e-29,1.033e-09.0460.0460,81.58050.720.000000,X,1,X,0,Q,7P,7,d50662049,112,9,4,0.0,13.0,15.0
223,71,1553.5304310000001,4.21e-30,1.899e-10.0460.0460,81.58050.720.000000,X,1,X,0,Q,7P,7,q50662049,112,9,4,0.0,13.0,15.0
224,71,1553.675146,8.77e-30,8.326e-10.0389.0410,438.44130.720.000000,X,1,X,0,Q,17P,18,d50662049,112,9,4,0.0,35.0,37.0
225,71,1553.675146,2.7799999999999998e-31,2.639e-11.0389.0410,438.44130.720.000000,X,1,X,0,Q,17P,18,q50662049,112,9,4,0.0,35.0,37.0
226,71,1553.903957,2.04e-29,1.109e-09.0481.0480,44.21170.720.000000,X,1,X,0,Q,5P,5,d50662049,112,9,4,0.0,9.0,11.0
227,71,1553.903957,7.17e-30,3.897e-10.0481.0480,44.21170.720.000000,X,1,X,0,Q,5P,5,q50662049,112,9,4,0.0,9.0,11.0
228,71,1553.9243689999998,1.77e-29,6.660e-10.0481.0480,44.21170.720.000000,X,1,X,0,Q,5R,5,d50662049,112,9,4,0.0,13.0,11.0
229,71,1553.9243689999998,5.5399999999999995e-30,2.085e-10.0481.0480,44.21170.720.000000,X,1,X,0,Q,5R,5,q50662049,112,9,4,0.0,13.0,11.0
230,71,1554.1173310000001,1.4999999999999998e-29,1.294e-09.0514.0520,18.33720.720.000000,X,1,X,0,Q,3P,3,d50662049,112,9,4,0.0,5.0,7.0
231,71,1554.1173310000001,1.3999999999999998e-29,1.208e-09.0514.0520,18.33720.720.000000,X,1,X,0,Q,3P,3,q50662049,112,9,4,0.0,5.0,7.0
232,71,1554.24658,1.22e-29,5.850e-10.0514.0520,18.33720.720.000000,X,1,X,0,Q,3R,3,d50662049,112,9,4,0.0,9.0,7.0
233,71,1554.24658,9.3e-30,4.459e-10.0514.0520,18.33720.720.000000,X,1,X,0,Q,3R,3,q50662049,112,9,4,0.0,9.0,7.0
234,71,1554.267132,1.5099999999999998e-29,6.021e-09.0570.0570,2.08430.970.000000,X,1,X,0,Q,1O,2,q50662049,112,9,4,0.0,1.0,5.0
235,71,1554.29996,1.12e-28,4.426e-09.0431.0440,188.71340.720.000000,X,1,X,0,Q,11Q,12,d50662049,112,9,4,0.0,25.0,25.0
236,71,1554.29996,6.99e-29,2.762e-09.0431.0440,188.71340.720.000000,X,1,X,0,Q,11Q,12,q50662049,112,9,4,0.0,25.0,25.0
237,71,1554.3019279999999,9.59e-29,4.514e-09.0431.0440,188.85310.720.000000,X,1,X,0,Q,11Q,10,d50662049,112,9,4,0.0,21.0,21.0
238,71,1554.3019279999999,5.83e-29,2.744e-09.0431.0440,188.85310.720.000000,X,1,X,0,Q,11Q,10,q50662049,112,9,4,0.0,21.0,21.0
239,71,1554.305738,1.2199999999999999e-32,5.293e-13.0431.0440,190.77480.720.000000,X,1,X,0,Q,11Q,11,d50662049,112,9,4,0.0,23.0,23.0
240,71,1554.305738,6.199999999999999e-29,2.690e-09.0431.0440,190.77480.720.000000,X,1,X,0,Q,11Q,11,q50662049,112,9,4,0.0,23.0,23.0
241,71,1554.475948,1.92e-29,1.546e-09.0570.0570,3.96110.970.000000,X,1,X,0,Q,1R,1,q50662049,112,9,4,0.0,5.0,3.0
242,71,1554.475948,4.4199999999999995e-30,3.558e-10.0570.0570,3.96110.970.000000,X,1,X,0,Q,1R,1,d50662049,112,9,4,0.0,5.0,3.0
243,71,1554.478299,1.2899999999999998e-29,8.745e-10.0404.0420,343.96940.720.000000,X,1,X,0,Q,15R,14,d50662049,112,9,4,0.0,31.0,29.0
244,71,1554.478299,5.399999999999999e-31,3.661e-11.0404.0420,343.96940.720.000000,X,1,X,0,Q,15R,14,q50662049,112,9,4,0.0,31.0,29.0
245,71,1554.699605,4.95e-31,3.353e-11.0404.0420,343.74810.720.000000,X,1,X,0,Q,15P,16,q50662049,112,9,4,0.0,31.0,33.0
246,71,1554.699605,1.23e-29,8.332e-10.0404.0420,343.74810.720.000000,X,1,X,0,Q,15P,16,d50662049,112,9,4,0.0,31.0,33.0
247,71,1554.963909,1.26e-28,4.425e-09.0444.0450,128.39770.720.000000,X,1,X,0,Q,9Q,10,d50662049,112,9,4,0.0,21.0,21.0
248,71,1554.963909,7.83e-29,2.750e-09.0444.0450,128.39770.720.000000,X,1,X,0,Q,9Q,10,q50662049,112,9,4,0.0,21.0,21.0
249,71,1554.966116,1.04e-28,4.514e-09.0444.0450,128.49200.720.000000,X,1,X,0,Q,9Q,8,d50662049,112,9,4,0.0,17.0,17.0
250,71,1554.966116,6.26e-29,2.717e-09.0444.0450,128.49200.720.000000,X,1,X,0,Q,9Q,8,q50662049,112,9,4,0.0,17.0,17.0
251,71,1554.969769,6.75e-29,2.646e-09.0444.0450,130.43750.720.000000,X,1,X,0,Q,9Q,9,q50662049,112,9,4,0.0,19.0,19.0
252,71,1554.969769,1.98e-32,7.762e-13.0444.0450,130.43750.720.000000,X,1,X,0,Q,9Q,9,d50662049,112,9,4,0.0,19.0,19.0
253,71,1555.415477,1.69e-29,8.786e-10.0417.0430,260.68240.720.000000,X,1,X,0,Q,13R,12,d50662049,112,9,4,0.0,27.0,25.0
254,71,1555.415477,9.38e-31,4.876e-11.0417.0430,260.68240.720.000000,X,1,X,0,Q,13R,12,q50662049,112,9,4,0.0,27.0,25.0
255,71,1555.501311,1.29e-28,4.417e-09.0460.0460,79.56460.720.000000,X,1,X,0,Q,7Q,8,d50662049,112,9,4,0.0,17.0,17.0
256,71,1555.501311,7.96e-29,2.725e-09.0460.0460,79.56460.720.000000,X,1,X,0,Q,7Q,8,q50662049,112,9,4,0.0,17.0,17.0
257,71,1555.5039359999998,5.93e-29,2.656e-09.0460.0460,79.60700.720.000000,X,1,X,0,Q,7Q,6,q50662049,112,9,4,0.0,13.0,13.0
258,71,1555.5039359999998,1.02e-28,4.568e-09.0460.0460,79.60700.720.000000,X,1,X,0,Q,7Q,6,d50662049,112,9,4,0.0,13.0,13.0
259,71,1555.507316,3.18e-32,1.246e-12.0460.0460,81.58050.720.000000,X,1,X,0,Q,7Q,7,d50662049,112,9,4,0.0,15.0,15.0
260,71,1555.507316,6.51e-29,2.551e-09.0460.0460,81.58050.720.000000,X,1,X,0,Q,7Q,7,q50662049,112,9,4,0.0,15.0,15.0
261,71,1555.597036,1.5999999999999999e-29,8.312e-10.0417.0430,260.50090.720.000000,X,1,X,0,Q,13P,14,d50662049,112,9,4,0.0,27.0,29.0
262,71,1555.597036,8.479999999999998e-31,4.406e-11.0417.0430,260.50090.720.000000,X,1,X,0,Q,13P,14,q50662049,112,9,4,0.0,27.0,29.0
263,71,1555.91211,7.15e-29,2.671e-09.0481.0480,42.22400.720.000000,X,1,X,0,Q,5Q,6,q50662049,112,9,4,0.0,13.0,13.0
264,71,1555.91211,1.17e-28,4.371e-09.0481.0480,42.22400.720.000000,X,1,X,0,Q,5Q,6,d50662049,112,9,4,0.0,13.0,13.0
265,71,1555.915551,4.6099999999999995e-29,2.488e-09.0481.0480,42.20010.720.000000,X,1,X,0,Q,5Q,4,q50662049,112,9,4,0.0,9.0,9.0
266,71,1555.915551,8.52e-29,4.597e-09.0481.0480,42.20010.720.000000,X,1,X,0,Q,5Q,4,d50662049,112,9,4,0.0,9.0,9.0
267,71,1555.918381,5.23e-32,2.332e-12.0481.0480,44.21170.720.000000,X,1,X,0,Q,5Q,5,d50662049,112,9,4,0.0,11.0,11.0
268,71,1555.918381,5.25e-29,2.341e-09.0481.0480,44.21170.720.000000,X,1,X,0,Q,5Q,5,q50662049,112,9,4,0.0,11.0,11.0
269,71,1556.0669,4.2599999999999994e-32,3.650e-12.0514.0520,16.38760.720.000000,X,1,X,0,Q,3O,4,q50662049,112,9,4,0.0,5.0,9.0
270,71,1556.196149,9.139999999999999e-29,4.352e-09.0514.0520,16.38760.720.000000,X,1,X,0,Q,3Q,4,d50662049,112,9,4,0.0,9.0,9.0
271,71,1556.196149,5.3e-29,2.524e-09.0514.0520,16.38760.720.000000,X,1,X,0,Q,3Q,4,q50662049,112,9,4,0.0,9.0,9.0
272,71,1556.201649,2.01e-29,1.722e-09.0514.0520,16.25290.720.000000,X,1,X,0,Q,3Q,2,q50662049,112,9,4,0.0,5.0,5.0
273,71,1556.201649,5.49e-29,4.702e-09.0514.0520,16.25290.720.000000,X,1,X,0,Q,3Q,2,d50662049,112,9,4,0.0,5.0,5.0
274,71,1556.2029630000002,2.7399999999999997e-29,1.693e-09.0514.0520,18.33720.720.000000,X,1,X,0,Q,3Q,3,q50662049,112,9,4,0.0,7.0,7.0
275,71,1556.2029630000002,9.439999999999999e-32,5.834e-12.0514.0520,18.33720.720.000000,X,1,X,0,Q,3Q,3,d50662049,112,9,4,0.0,7.0,7.0
276,71,1556.227484,2.06e-29,8.876e-10.0431.0440,188.85310.720.000000,X,1,X,0,Q,11R,10,d50662049,112,9,4,0.0,23.0,21.0
277,71,1556.227484,1.58e-30,6.808e-11.0431.0440,188.85310.720.000000,X,1,X,0,Q,11R,10,q50662049,112,9,4,0.0,23.0,21.0
278,71,1556.330898,5.28e-32,2.513e-12.0514.0520,16.25290.720.000000,X,1,X,0,Q,3S,2,q50662049,112,9,4,0.0,9.0,5.0
279,71,1556.3527390000002,2.39e-29,1.911e-09.0570.0570,2.08430.970.000000,X,1,X,0,Q,1Q,2,q50662049,112,9,4,0.0,5.0,5.0
280,71,1556.3527390000002,5.31e-29,4.246e-09.0570.0570,2.08430.970.000000,X,1,X,0,Q,1Q,2,d50662049,112,9,4,0.0,5.0,5.0
281,71,1556.3610640000002,2.6e-31,3.497e-11.0570.0570,3.96110.970.000000,X,1,X,0,Q,1Q,1,d50662049,112,9,4,0.0,3.0,3.0
282,71,1556.3610640000002,8.38e-30,1.127e-09.0570.0570,3.96110.970.000000,X,1,X,0,Q,1Q,1,q50662049,112,9,4,0.0,3.0,3.0
283,71,1556.36717,1.92e-29,8.269e-10.0431.0440,188.71340.720.000000,X,1,X,0,Q,11P,12,d50662049,112,9,4,0.0,23.0,25.0
284,71,1556.36717,1.4e-30,6.029e-11.0431.0440,188.71340.720.000000,X,1,X,0,Q,11P,12,q50662049,112,9,4,0.0,23.0,25.0
285,71,1556.915244,2.29e-29,8.915e-10.0444.0450,128.49200.720.000000,X,1,X,0,Q,9R,8,d50662049,112,9,4,0.0,19.0,17.0
286,71,1556.915244,2.6e-30,1.012e-10.0444.0450,128.49200.720.000000,X,1,X,0,Q,9R,8,q50662049,112,9,4,0.0,19.0,17.0
287,71,1557.009533,2.11e-29,8.211e-10.0444.0450,128.39770.720.000000,X,1,X,0,Q,9P,10,d50662049,112,9,4,0.0,19.0,21.0
288,71,1557.009533,2.25e-30,8.756e-11.0444.0450,128.39770.720.000000,X,1,X,0,Q,9P,10,q50662049,112,9,4,0.0,19.0,21.0
289,71,1557.480822,4.28e-30,1.665e-10.0460.0460,79.60700.720.000000,X,1,X,0,Q,7R,6,q50662049,112,9,4,0.0,15.0,13.0
290,71,1557.480822,2.32e-29,9.027e-10.0460.0460,79.60700.720.000000,X,1,X,0,Q,7R,6,d50662049,112,9,4,0.0,15.0,13.0
291,71,1557.5232039999999,2.09e-29,8.131e-10.0460.0460,79.56460.720.000000,X,1,X,0,Q,7P,8,d50662049,112,9,4,0.0,15.0,17.0
292,71,1557.5232039999999,3.56e-30,1.385e-10.0460.0460,79.56460.720.000000,X,1,X,0,Q,7P,8,q50662049,112,9,4,0.0,15.0,17.0
293,71,1557.906122,1.79e-29,7.924e-10.0481.0480,42.22400.720.000000,X,1,X,0,Q,5P,6,d50662049,112,9,4,0.0,11.0,13.0
294,71,1557.906122,5.65e-30,2.501e-10.0481.0480,42.22400.720.000000,X,1,X,0,Q,5P,6,q50662049,112,9,4,0.0,11.0,13.0
295,71,1557.9299740000001,7.28e-30,3.222e-10.0481.0480,42.20010.720.000000,X,1,X,0,Q,5R,4,q50662049,112,9,4,0.0,11.0,9.0
296,71,1557.9299740000001,2.07e-29,9.163e-10.0481.0480,42.20010.720.000000,X,1,X,0,Q,5R,4,d50662049,112,9,4,0.0,11.0,9.0
297,71,1558.152532,1.23e-29,7.549e-10.0514.0520,16.38760.720.000000,X,1,X,0,Q,3P,4,d50662049,112,9,4,0.0,7.0,9.0
298,71,1558.152532,9.479999999999999e-30,5.818e-10.0514.0520,16.38760.720.000000,X,1,X,0,Q,3P,4,q50662049,112,9,4,0.0,7.0,9.0
299,71,1558.237855,1.96e-29,2.619e-09.0570.0570,2.08430.970.000000,X,1,X,0,Q,1P,2,q50662049,112,9,4,0.0,3.0,5.0
300,71,1558.237855,4.45e-30,5.945e-10.0570.0570,2.08430.970.000000,X,1,X,0,Q,1P,2,d50662049,112,9,4,0.0,3.0,5.0
301,71,1558.28728,1.5299999999999998e-29,9.385e-10.0514.0520,16.25290.720.000000,X,1,X,0,Q,3R,2,d50662049,112,9,4,0.0,7.0,5.0
302,71,1558.28728,1.4199999999999998e-29,8.711e-10.0514.0520,16.25290.720.000000,X,1,X,0,Q,3R,2,q50662049,112,9,4,0.0,7.0,5.0
303,71,1558.437033,1.5499999999999998e-29,1.230e-09.0570.0570,0.00000.970.000000,X,1,X,0,Q,1S,0,q50662049,112,9,4,0.0,5.0,1.0
304,71,1560.32215,2.27e-29,3.010e-09.0570.0570,0.00000.970.000000,X,1,X,0,Q,1R,0,d50662049,112,9,4,0.0,3.0,1.0
305,71,1568.4934269999999,2.32e-29,1.901e-09.0558.0570,3.96110.720.000000,X,1,X,0,S,1R,1,q50402049,110,8,4,0.0,5.0,3.0
306,71,1568.4934269999999,6.99e-30,5.729e-10.0558.0570,3.96110.720.000000,X,1,X,0,S,1R,1,d50402049,110,8,4,0.0,5.0,3.0
307,71,1570.370218,2.54e-30,2.068e-10.0560.0560,2.08430.720.000000,X,1,X,0,S,1Q,2,q50402049,113,8,4,0.0,5.0,5.0
308,71,1570.370218,1.59e-31,1.294e-11.0560.0560,2.08430.720.000000,X,1,X,0,S,1Q,2,d50402049,113,8,4,0.0,5.0,5.0
309,71,1570.499467,6.849999999999999e-29,3.099e-09.0555.0550,2.08430.720.000000,X,1,X,0,S,1S,2,q50422049,11010,4,0,9.0,5.0,
310,71,1570.579059,3.45e-29,2.025e-09.0555.0550,3.96110.720.000000,X,1,X,0,S,1S,1,q50422049,11010,4,0,7.0,3.0,
311,71,1572.454512,1.3499999999999998e-29,1.091e-09.0555.0550,0.00000.720.000000,X,1,X,0,S,1S,0,q50422049,11010,4,0,5.0,1.0,
312,71,1572.45585,1.3399999999999998e-29,7.813e-10.0544.0530,2.08430.720.000000,X,1,X,0,S,1R,2,q50402049,113,8,4,0.0,7.0,5.0
313,71,1572.45585,2.9199999999999997e-29,1.702e-09.0544.0530,2.08430.720.000000,X,1,X,0,S,1R,2,d50402049,113,8,4,0.0,7.0,5.0
314,71,1579.7784900000001,1.98e-29,9.808e-10.0526.0530,18.33720.720.000000,X,1,X,0,S,3R,3,d50402049,110,8,4,0.0,9.0,7.0
315,71,1579.7784900000001,1.07e-29,5.300e-10.0526.0530,18.33720.720.000000,X,1,X,0,S,3R,3,q50402049,110,8,4,0.0,9.0,7.0
316,71,1581.728059,3.5299999999999994e-31,1.736e-11.0548.0510,16.38760.720.000000,X,1,X,0,S,3Q,4,q50402049,113,8,4,0.0,9.0,9.0
317,71,1581.728059,8.109999999999999e-32,3.989e-12.0548.0510,16.38760.720.000000,X,1,X,0,S,3Q,4,d50402049,113,8,4,0.0,9.0,9.0
318,71,1581.74847,1.09e-28,3.712e-09.0523.0520,16.38760.720.000000,X,1,X,0,S,3S,4,q50422049,11010,4,0,13.0,9.0,
319,71,1581.792913,8.209999999999999e-29,3.336e-09.0523.0520,18.33720.720.000000,X,1,X,0,S,3S,3,q50422049,11010,4,0,11.0,7.0,
320,71,1581.862807,6.47e-29,3.181e-09.0523.0520,16.25290.720.000000,X,1,X,0,S,3S,2,q50422049,11010,4,0,9.0,5.0,
321,71,1583.742482,7.97e-30,3.216e-10.0496.0500,16.38760.720.000000,X,1,X,0,S,3R,4,q50402049,113,8,4,0.0,11.0,9.0
322,71,1583.742482,4.08e-29,1.646e-09.0496.0500,16.38760.720.000000,X,1,X,0,S,3R,4,d50402049,113,8,4,0.0,11.0,9.0
323,71,1590.899218,2.9399999999999997e-29,1.159e-09.0499.0500,44.21170.720.000000,X,1,X,0,S,5R,5,d50402049,110,8,4,0.0,13.0,11.0
324,71,1590.899218,6.32e-30,2.492e-10.0499.0500,44.21170.720.000000,X,1,X,0,S,5R,5,q50402049,110,8,4,0.0,13.0,11.0
325,71,1592.841952,1.3700000000000003e-28,4.102e-09.0497.0490,42.22400.720.000000,X,1,X,0,S,5S,6,q50422049,11010,4,0,17.0,13.0,
326,71,1592.876104,1.14e-28,3.906e-09.0497.0490,44.21170.720.000000,X,1,X,0,S,5S,5,q50422049,11010,4,0,15.0,11.0,
327,71,1592.88696,4.97e-32,1.946e-12.0500.0500,42.22400.720.000000,X,1,X,0,S,5Q,6,d50402049,113,8,4,0.0,13.0,13.0
328,71,1592.88696,1.01e-31,3.955e-12.0500.0500,42.22400.720.000000,X,1,X,0,S,5Q,6,q50402049,113,8,4,0.0,13.0,13.0
329,71,1592.9108119999999,9.83e-29,3.849e-09.0497.0490,42.20010.720.000000,X,1,X,0,S,5S,4,q50422049,11010,4,0,13.0,9.0,
330,71,1594.8638449999999,4.8099999999999996e-29,1.636e-09.0497.0490,42.22400.720.000000,X,1,X,0,S,5R,6,d50422049,11010,4,0,15.0,13.0,
331,71,1594.8638449999999,5.2e-30,1.769e-10.0497.0490,42.22400.720.000000,X,1,X,0,S,5R,6,q50422049,11010,4,0,15.0,13.0,
332,71,1596.031377,2.73e-31,1.275e-11.0523.0520,2.08430.720.000000,X,1,X,0,U,1S,2,q50422049,11010,4,0,9.0,5.0,
333,71,1601.877641,4.01e-30,1.470e-10.0475.0470,81.58050.720.000000,X,1,X,0,S,7R,7,q50422049,11010,4,0,17.0,15.0,
334,71,1601.877641,3.46e-29,1.269e-09.0475.0470,81.58050.720.000000,X,1,X,0,S,7R,7,d50422049,11010,4,0,17.0,15.0,
335,71,1603.797034,1.4899999999999998e-28,4.390e-09.0475.0470,79.56460.720.000000,X,1,X,0,S,7S,8,q50422049,11010,4,0,21.0,17.0,
336,71,1603.82677,1.3000000000000002e-28,4.275e-09.0475.0470,81.58050.720.000000,X,1,X,0,S,7S,7,q50422049,11010,4,0,19.0,15.0,
337,71,1603.851147,1.1599999999999999e-28,4.223e-09.0475.0470,79.60700.720.000000,X,1,X,0,S,7S,6,q50422049,11010,4,0,17.0,13.0,
338,71,1603.893529,3.19e-32,1.161e-12.0475.0470,79.56460.720.000000,X,1,X,0,S,7Q,8,d50422049,11010,4,0,17.0,17.0,
339,71,1603.893529,3.74e-32,1.361e-12.0475.0470,79.56460.720.000000,X,1,X,0,S,7Q,8,q50422049,11010,4,0,17.0,17.0,
340,71,1605.842658,5.04e-29,1.645e-09.0475.0470,79.56460.720.000000,X,1,X,0,S,7R,8,d50422049,11010,4,0,19.0,17.0,
341,71,1605.842658,3.46e-30,1.130e-10.0475.0470,79.56460.720.000000,X,1,X,0,S,7R,8,q50422049,11010,4,0,19.0,17.0,
342,71,1612.717497,2.5699999999999997e-30,9.804e-11.0459.0450,130.43750.720.000000,X,1,X,0,S,9R,9,q50422049,11010,4,0,21.0,19.0,
343,71,1612.717497,3.53e-29,1.347e-09.0459.0450,130.43750.720.000000,X,1,X,0,S,9R,9,d50422049,11010,4,0,21.0,19.0,
344,71,1614.615607,1.46e-28,4.643e-09.0459.0450,128.39770.720.000000,X,1,X,0,S,9S,10,q50422049,11010,4,0,25.0,21.0,
345,71,1614.643053,1.3000000000000002e-28,4.539e-09.0459.0450,130.43750.720.000000,X,1,X,0,S,9S,9,q50422049,11010,4,0,23.0,19.0,
346,71,1614.662973,1.1999999999999999e-28,4.545e-09.0459.0450,128.49200.720.000000,X,1,X,0,S,9S,8,q50422049,11010,4,0,21.0,17.0,
347,71,1614.757261,2.0499999999999996e-32,7.762e-13.0459.0450,128.39770.720.000000,X,1,X,0,S,9Q,10,d50422049,11010,4,0,21.0,21.0,
348,71,1614.757261,1.57e-32,5.945e-13.0459.0450,128.39770.720.000000,X,1,X,0,S,9Q,10,q50422049,11010,4,0,21.0,21.0,
349,71,1616.682816,2.29e-30,7.936e-11.0459.0450,128.39770.720.000000,X,1,X,0,S,9R,10,q50422049,11010,4,0,23.0,21.0,
350,71,1616.682816,4.8e-29,1.663e-09.0459.0450,128.39770.720.000000,X,1,X,0,S,9R,10,d50422049,11010,4,0,23.0,21.0,
351,71,1618.723319,6.2e-32,2.211e-12.0497.0490,16.38760.720.000000,X,1,X,0,U,3S,4,q50422049,11010,4,0,13.0,9.0,
352,71,1623.4189310000002,1.62e-30,7.053e-11.0419.0440,190.77480.720.000000,X,1,X,0,S,11R,11,q50222049,110,9,4,0.0,25.0,23.0
353,71,1623.4189310000002,3.2399999999999997e-29,1.411e-09.0419.0440,190.77480.720.000000,X,1,X,0,S,11R,11,d50222049,110,9,4,0.0,25.0,23.0
354,71,1625.296977,1.3000000000000002e-28,4.841e-09.0419.0440,188.71340.720.000000,X,1,X,0,S,11S,12,q50222049,110,9,4,0.0,29.0,25.0
355,71,1625.323092,1.19e-28,4.808e-09.0419.0440,190.77480.720.000000,X,1,X,0,S,11S,11,q50222049,110,9,4,0.0,27.0,23.0
356,71,1625.340677,1.1100000000000001e-28,4.799e-09.0419.0440,188.85310.720.000000,X,1,X,0,S,11S,10,q50222049,110,9,4,0.0,25.0,21.0
357,71,1625.4803630000001,1.3e-32,5.617e-13.0419.0440,188.71340.720.000000,X,1,X,0,S,11Q,12,d50222049,110,9,4,0.0,25.0,25.0
358,71,1627.384524,1.48e-30,5.935e-11.0419.0440,188.71340.720.000000,X,1,X,0,S,11R,12,q50222049,110,9,4,0.0,27.0,25.0
359,71,1627.384524,4.2e-29,1.684e-09.0419.0440,188.71340.720.000000,X,1,X,0,S,11R,12,d50222049,110,9,4,0.0,27.0,25.0
360,71,1633.980979,9.99e-31,5.385e-11.0405.0430,262.58270.720.000000,X,1,X,0,S,13R,13,q50222049,110,9,4,0.0,29.0,27.0
361,71,1633.980979,2.7199999999999997e-29,1.466e-09.0405.0430,262.58270.720.000000,X,1,X,0,S,13R,13,d50222049,110,9,4,0.0,29.0,27.0
362,71,1635.8397439999999,1.08e-28,5.076e-09.0405.0430,260.50090.720.000000,X,1,X,0,S,13S,14,q50222049,110,9,4,0.0,33.0,29.0
363,71,1635.865027,9.929999999999999e-29,5.019e-09.0405.0430,262.58270.720.000000,X,1,X,0,S,13S,13,q50222049,110,9,4,0.0,31.0,27.0
364,71,1635.881234,9.369999999999999e-29,5.016e-09.0405.0430,260.68240.720.000000,X,1,X,0,S,13S,12,q50222049,110,9,4,0.0,29.0,25.0
365,71,1637.946842,3.41e-29,1.710e-09.0405.0430,260.50090.720.000000,X,1,X,0,S,13R,14,d50222049,110,9,4,0.0,31.0,29.0
366,71,1637.946842,9.24e-31,4.635e-11.0405.0430,260.50090.720.000000,X,1,X,0,S,13R,14,q50222049,110,9,4,0.0,31.0,29.0
367,71,1641.23417,2.14e-32,6.802e-13.0475.0470,42.22400.720.000000,X,1,X,0,U,5S,6,q50422049,11010,4,0,17.0,13.0,
368,71,1644.4022439999999,2.11e-29,1.517e-09.0391.0420,345.84950.720.000000,X,1,X,0,S,15R,15,d50222049,110,9,4,0.0,33.0,31.0
369,71,1644.4022439999999,5.94e-31,4.271e-11.0391.0420,345.84950.720.000000,X,1,X,0,S,15R,15,q50222049,110,9,4,0.0,33.0,31.0
370,71,1646.242262,8.289999999999999e-29,5.274e-09.0391.0420,343.74810.720.000000,X,1,X,0,S,15S,16,q50222049,110,9,4,0.0,37.0,33.0
371,71,1646.266999,7.71e-29,5.239e-09.0391.0420,345.84950.720.000000,X,1,X,0,S,15S,15,q50222049,110,9,4,0.0,35.0,31.0
372,71,1646.282325,7.329999999999999e-29,5.235e-09.0391.0420,343.96940.720.000000,X,1,X,0,S,15S,14,q50222049,110,9,4,0.0,33.0,29.0
373,71,1648.3683859999999,5.55e-31,3.742e-11.0391.0420,343.74810.720.000000,X,1,X,0,S,15R,16,q50222049,110,9,4,0.0,35.0,33.0
374,71,1648.3683859999999,2.57e-29,1.733e-09.0391.0420,343.74810.720.000000,X,1,X,0,S,15R,16,d50222049,110,9,4,0.0,35.0,33.0
375,71,1654.681127,1.5199999999999998e-29,1.564e-09.0372.0410,440.56180.720.000000,X,1,X,0,S,17R,17,d50222049,110,9,4,0.0,37.0,35.0
376,71,1654.681127,3.39e-31,3.488e-11.0372.0410,440.56180.720.000000,X,1,X,0,S,17R,17,q50222049,110,9,4,0.0,37.0,35.0
377,71,1656.502779,5.95e-29,5.481e-09.0372.0410,438.44130.720.000000,X,1,X,0,S,17S,18,q50222049,110,9,4,0.0,41.0,37.0
378,71,1656.527147,5.559999999999999e-29,5.440e-09.0372.0410,440.56180.720.000000,X,1,X,0,S,17S,17,q50222049,110,9,4,0.0,39.0,35.0
379,71,1656.541875,5.319999999999999e-29,5.437e-09.0372.0410,438.70100.720.000000,X,1,X,0,S,17S,16,q50222049,110,9,4,0.0,37.0,33.0
380,71,1658.647565,3.1999999999999997e-31,3.107e-11.0372.0410,438.44130.720.000000,X,1,X,0,S,17R,18,q50222049,110,9,4,0.0,39.0,37.0
381,71,1658.647565,1.82e-29,1.767e-09.0372.0410,438.44130.720.000000,X,1,X,0,S,17R,18,d50222049,110,9,4,0.0,39.0,37.0
382,71,1664.8159289999999,1.02e-29,1.606e-09.0357.0390,546.70420.720.000000,X,1,X,0,S,19R,19,d50222049,110,9,4,0.0,41.0,39.0
383,71,1664.8159289999999,1.85e-31,2.913e-11.0357.0390,546.70420.720.000000,X,1,X,0,S,19R,19,q50222049,110,9,4,0.0,41.0,39.0
384,71,1666.619498,3.99e-29,5.678e-09.0357.0390,544.56510.720.000000,X,1,X,0,S,19S,20,q50222049,110,9,4,0.0,45.0,41.0
385,71,1666.643611,3.75e-29,5.643e-09.0357.0390,546.70420.720.000000,X,1,X,0,S,19S,19,q50222049,110,9,4,0.0,43.0,39.0
386,71,1666.6579160000001,3.61e-29,5.646e-09.0357.0390,544.86220.720.000000,X,1,X,0,S,19S,18,q50222049,110,9,4,0.0,41.0,37.0
387,71,1668.782684,1.76e-31,2.628e-11.0357.0390,544.56510.720.000000,X,1,X,0,S,19R,20,q50222049,110,9,4,0.0,43.0,41.0
388,71,1668.782684,1.2e-29,1.792e-09.0357.0390,544.56510.720.000000,X,1,X,0,S,19R,20,d50222049,110,9,4,0.0,43.0,41.0
389,71,1674.804893,6.399999999999999e-30,1.646e-09.0352.0370,664.25950.720.000000,X,1,X,0,S,21R,21,d50222049,110,9,4,0.0,45.0,43.0
390,71,1674.804893,9.669999999999999e-32,2.486e-11.0352.0370,664.25950.720.000000,X,1,X,0,S,21R,21,q50222049,110,9,4,0.0,45.0,43.0
391,71,1676.590596,2.51e-29,5.877e-09.0352.0370,662.10200.720.000000,X,1,X,0,S,21S,22,q50222049,110,9,4,0.0,49.0,45.0
392,71,1676.614533,2.37e-29,5.847e-09.0352.0370,664.25950.720.000000,X,1,X,0,S,21S,21,q50222049,110,9,4,0.0,47.0,43.0
393,71,1676.6285269999998,2.29e-29,5.849e-09.0352.0370,662.43590.720.000000,X,1,X,0,S,21S,20,q50222049,110,9,4,0.0,45.0,41.0
394,71,1678.771989,9.259999999999999e-32,2.266e-11.0352.0370,662.10200.720.000000,X,1,X,0,S,21R,22,q50222049,110,9,4,0.0,47.0,45.0
395,71,1678.771989,7.439999999999999e-30,1.821e-09.0352.0370,662.10200.720.000000,X,1,X,0,S,21R,22,d50222049,110,9,4,0.0,47.0,45.0
396,71,1684.64623,3.7699999999999995e-30,1.686e-09.0346.0340,793.20870.720.000000,X,1,X,0,S,23R,23,d50222049,110,9,4,0.0,49.0,47.0
397,71,1684.64623,4.82e-32,2.155e-11.0346.0340,793.20870.720.000000,X,1,X,0,S,23R,23,q50222049,110,9,4,0.0,49.0,47.0
398,71,1686.4142359999998,1.4799999999999998e-29,6.066e-09.0346.0340,791.03310.720.000000,X,1,X,0,S,23S,24,q50222049,110,9,4,0.0,53.0,49.0
399,71,1686.438054,1.3999999999999998e-29,6.027e-09.0346.0340,793.20870.720.000000,X,1,X,0,S,23S,23,q50222049,110,9,4,0.0,51.0,47.0
400,71,1686.451813,1.3599999999999998e-29,6.041e-09.0346.0340,791.40310.720.000000,X,1,X,0,S,23S,22,q50222049,110,9,4,0.0,49.0,45.0
401,71,1688.613695,4.6299999999999997e-32,1.977e-11.0346.0340,791.03310.720.000000,X,1,X,0,S,23R,24,q50222049,110,9,4,0.0,51.0,49.0
402,71,1688.613695,4.33e-30,1.849e-09.0346.0340,791.03310.720.000000,X,1,X,0,S,23R,24,d50222049,110,9,4,0.0,51.0,49.0
403,71,1694.338131,2.08e-30,1.720e-09.0338.0300,933.53090.720.000000,X,1,X,0,S,25R,25,d50222049,110,9,4,0.0,53.0,51.0
404,71,1694.338131,2.29e-32,1.894e-11.0338.0300,933.53090.720.000000,X,1,X,0,S,25R,25,q50222049,110,9,4,0.0,53.0,51.0
405,71,1696.088575,8.21e-30,6.260e-09.0338.0300,931.33720.720.000000,X,1,X,0,S,25S,26,q50222049,110,9,4,0.0,57.0,53.0
406,71,1696.1123149999999,7.82e-30,6.246e-09.0338.0300,933.53090.720.000000,X,1,X,0,S,25S,25,q50222049,110,9,4,0.0,55.0,51.0
407,71,1696.125893,7.599999999999999e-30,6.245e-09.0338.0300,931.74310.720.000000,X,1,X,0,S,25S,24,q50222049,110,9,4,0.0,53.0,49.0
408,71,1698.305991,2.2099999999999998e-32,1.751e-11.0338.0300,931.33720.720.000000,X,1,X,0,S,25R,26,q50222049,110,9,4,0.0,55.0,53.0
409,71,1698.305991,2.3699999999999997e-30,1.878e-09.0338.0300,931.33720.720.000000,X,1,X,0,S,25R,26,d50222049,110,9,4,0.0,55.0,53.0
410,71,1703.8787730000001,1.0799999999999999e-30,1.756e-09.0327.0250,1085.20330.720.000000,X,1,X,0,S,27R,27,d40222049,110,9,4,0.0,57.0,55.0
411,71,1705.611767,4.29e-30,6.460e-09.0327.0250,1082.99170.720.000000,X,1,X,0,S,27S,28,q40222049,110,9,4,0.0,61.0,57.0
412,71,1705.6354579999997,4.09e-30,6.436e-09.0327.0250,1085.20330.720.000000,X,1,X,0,S,27S,27,q40222049,110,9,4,0.0,59.0,55.0
413,71,1705.6488940000002,3.99e-30,6.444e-09.0327.0250,1083.43320.720.000000,X,1,X,0,S,27S,26,q40222049,110,9,4,0.0,57.0,53.0
414,71,1707.8470579999998,1.22e-30,1.904e-09.0327.0250,1082.99170.720.000000,X,1,X,0,S,27R,28,d40222049,110,9,4,0.0,59.0,57.0
415,71,1713.266325,5.29e-31,1.794e-09.0313.0190,1248.20130.720.000000,X,1,X,0,S,29R,29,d40222049,110,9,4,0.0,61.0,59.0
416,71,1714.981961,2.1099999999999998e-30,6.657e-09.0313.0190,1245.97180.720.000000,X,1,X,0,S,29S,30,q40222049,110,9,4,0.0,65.0,61.0
417,71,1715.005629,2.02e-30,6.647e-09.0313.0190,1248.20130.720.000000,X,1,X,0,S,29S,29,q40222049,110,9,4,0.0,63.0,59.0
418,71,1715.0189510000002,1.97e-30,6.638e-09.0313.0190,1246.44860.720.000000,X,1,X,0,S,29S,28,q40222049,110,9,4,0.0,61.0,57.0
419,71,1717.2350649999998,5.929999999999999e-31,1.935e-09.0313.0190,1245.97180.720.000000,X,1,X,0,S,29R,30,d40222049,110,9,4,0.0,63.0,61.0
