,0,1,2,3,4,5,6,7,8,9,10,11,12,13,14,15,16,17
0,222,2000.444418,2.2499999999999998e-35,9.337e-06.0273.0270,2552.73680.200.000000,1,0,O,36q,344440,4,3,2,1,1,0,2628.0,2628.0
1,221,2001.688548,1.6709999999999998e-34,3.506e-09.0273.0270,3089.80750.200.000000,1,0,O,39q,344440,4,3,2,1,1,0,225.0,237.0
2,221,2002.505259,7.706e-38,7.313e-09.0273.0270,4946.71520.200.000000,2,1,O,36q,344440,4,3,2,1,1,0,414.0,438.0
3,222,2009.1056449999999,4.356e-35,9.410e-06.0273.0270,2415.23710.200.000000,1,0,O,35q,344440,4,3,2,1,1,0,2556.0,2556.0
4,221,2010.73595,7.023999999999999e-34,3.616e-09.0273.0270,2935.97920.200.000000,1,0,O,38q,344440,4,3,2,1,1,0,438.0,462.0
5,221,2011.4119739999999,7.585999999999999e-38,7.541e-09.0273.0270,4805.78700.200.000000,2,1,O,35q,344440,4,3,2,1,1,0,201.0,213.0
6,222,2017.742571,8.269999999999999e-35,9.483e-06.0273.0270,2281.50340.200.000000,1,0,O,34q,344440,4,3,2,1,1,0,2484.0,2484.0
7,221,2019.758725,7.237e-34,3.730e-09.0273.0270,2786.02830.200.000000,1,0,O,37q,344440,4,3,2,1,1,0,213.0,225.0
8,221,2020.293175,2.929e-37,7.775e-09.0273.0270,4668.71660.200.000000,2,1,O,34q,344440,4,3,2,1,1,0,390.0,414.0
9,222,2026.35495,1.5399999999999999e-34,9.556e-06.0273.0270,2151.54030.200.000000,1,0,O,33q,344440,4,3,2,1,1,0,2412.0,2412.0
10,221,2028.7566120000001,2.924e-33,3.846e-09.0273.0270,2639.96000.200.000000,1,0,O,36q,344440,4,3,2,1,1,0,414.0,438.0
11,221,2029.1485969999999,2.771e-37,8.014e-09.0273.0270,4535.50860.200.000000,2,1,O,33q,344440,4,3,2,1,1,0,189.0,201.0
12,222,2034.942534,2.814e-34,9.629e-06.0273.0270,2025.35250.200.000000,1,0,O,32q,344440,4,3,2,1,1,0,2340.0,2340.0
13,221,2037.729348,2.8969999999999998e-33,3.967e-09.0273.0270,2497.77920.200.000000,1,0,O,35q,344440,4,3,2,1,1,0,201.0,213.0
14,221,2037.9779760000001,1.028e-36,8.259e-09.0273.0270,4406.16770.200.000000,2,1,O,32q,344440,4,3,2,1,1,0,366.0,390.0
15,222,2043.505077,5.0399999999999995e-34,9.702e-06.0273.0270,1902.94410.200.000000,1,0,O,31q,344440,4,3,2,1,1,0,2268.0,2268.0
16,221,2046.6766699999998,1.1249999999999999e-32,4.090e-09.0273.0270,2359.49110.200.000000,1,0,O,34q,344440,4,3,2,1,1,0,390.0,414.0
17,221,2046.781048,9.352e-37,8.516e-09.0273.0270,4280.69860.200.000000,2,1,O,31q,344440,4,3,2,1,1,0,177.0,189.0
18,222,2052.042329,8.853999999999999e-34,9.778e-06.0273.0270,1784.31910.200.000000,1,0,O,30q,344440,4,3,2,1,1,0,2196.0,2196.0
19,221,2055.557548,3.3349999999999995e-36,8.778e-09.0273.0270,4159.10550.200.000000,2,1,O,30q,344440,4,3,2,1,1,0,342.0,366.0
20,221,2055.5983149999997,1.0709999999999998e-32,4.217e-09.0273.0270,2225.10030.200.000000,1,0,O,33q,344440,4,3,2,1,1,0,189.0,201.0
21,222,2060.554043,1.5249999999999999e-33,9.851e-06.0273.0270,1669.48140.200.000000,1,0,O,29q,344440,4,3,2,1,1,0,2124.0,2124.0
22,221,2064.30721,2.913e-36,9.044e-09.0273.0270,4041.39280.200.000000,2,1,O,29q,344440,4,3,2,1,1,0,165.0,177.0
23,221,2064.494018,3.996e-32,4.346e-09.0273.0270,2094.61150.200.000000,1,0,O,32q,344440,4,3,2,1,1,0,366.0,390.0
24,222,2069.03997,2.5759999999999997e-33,9.928e-06.0273.0270,1558.43510.200.000000,1,0,O,28q,344440,4,3,2,1,1,0,2052.0,2052.0
25,221,2073.029769,9.976000000000002e-36,9.320e-09.0273.0270,3927.56450.200.000000,2,1,O,28q,344440,4,3,2,1,1,0,318.0,342.0
26,221,2073.363515,3.654e-32,4.480e-09.0273.0270,1968.02930.200.000000,1,0,O,31q,344440,4,3,2,1,1,0,177.0,189.0
27,222,2077.4998600000004,4.264e-33,1.000e-05.0273.0270,1451.18370.200.000000,1,0,O,27q,344440,4,3,2,1,1,0,1980.0,1980.0
28,221,2080.55754,1.4899999999999997e-39,1.495e-08.0273.0270,5801.96980.200.000000,3,2,O,24q,344440,4,3,2,1,1,0,270.0,294.0
29,221,2081.724958,8.369e-36,9.603e-09.0273.0270,3817.62480.200.000000,2,1,O,27q,344440,4,3,2,1,1,0,153.0,165.0
30,221,2082.206541,1.3099999999999998e-31,4.618e-09.0273.0270,1845.35800.200.000000,1,0,O,30q,344440,4,3,2,1,1,0,342.0,366.0
31,222,2085.933465,6.919999999999998e-33,1.008e-05.0273.0270,1347.73100.200.000000,1,0,O,26q,344440,4,3,2,1,1,0,1908.0,1908.0
32,221,2089.073101,1.146e-39,1.540e-08.0273.0270,5708.45800.200.000000,3,2,O,23q,344440,4,3,2,1,1,0,129.0,141.0
33,221,2090.39251,2.752e-35,9.897e-09.0273.0270,3711.57730.200.000000,2,1,O,26q,344440,4,3,2,1,1,0,294.0,318.0
34,221,2091.02283,1.15e-31,4.758e-09.0273.0270,1726.60190.200.000000,1,0,O,29q,344440,4,3,2,1,1,0,165.0,177.0
35,222,2094.3405329999996,1.1009999999999999e-32,1.016e-05.0273.0270,1248.08020.200.000000,1,0,O,25q,344440,4,3,2,1,1,0,1836.0,1836.0
36,221,2097.559855,3.454e-39,1.587e-08.0273.0270,5618.81770.200.000000,3,2,O,22q,344440,4,3,2,1,1,0,246.0,270.0
37,221,2099.032157,2.216e-35,1.020e-08.0273.0270,3609.42590.200.000000,2,1,O,25q,344440,4,3,2,1,1,0,141.0,153.0
38,221,2099.8121170000004,3.958e-31,4.903e-09.0273.0270,1611.76520.200.000000,1,0,O,28q,344440,4,3,2,1,1,0,318.0,342.0
39,222,2102.7208140000002,1.7159999999999999e-32,1.023e-05.0273.0270,1152.23490.200.000000,1,0,O,24q,344440,4,3,2,1,1,0,1764.0,1764.0
40,221,2106.01753,2.5479999999999998e-39,1.636e-08.0273.0270,5533.05200.200.000000,3,2,O,21q,344440,4,3,2,1,1,0,117.0,129.0
41,221,2107.6436320000003,6.99e-35,1.050e-08.0273.0270,3511.17410.200.000000,2,1,O,24q,344440,4,3,2,1,1,0,270.0,294.0
42,221,2108.574134,3.3369999999999996e-31,5.053e-09.0273.0270,1500.85180.200.000000,1,0,O,27q,344440,4,3,2,1,1,0,153.0,165.0
43,222,2111.0740579999997,2.62e-32,1.031e-05.0273.0270,1060.19820.200.000000,1,0,O,23q,344440,4,3,2,1,1,0,1692.0,1692.0
44,221,2114.445859,7.356999999999998e-39,1.685e-08.0274.0270,5451.16390.200.000000,3,2,O,20q,344440,4,3,2,1,1,0,222.0,246.0
45,221,2116.2266670000004,5.399e-35,1.082e-08.0273.0270,3416.82530.200.000000,2,1,O,23q,344440,4,3,2,1,1,0,129.0,141.0
46,221,2117.308615,1.102e-30,5.206e-09.0273.0270,1393.86550.200.000000,1,0,O,26q,344440,4,3,2,1,1,0,294.0,318.0
47,222,2119.400013,3.918e-32,1.039e-05.0273.0270,971.97310.200.000000,1,0,O,22q,344440,4,3,2,1,1,0,1620.0,1620.0
48,221,2122.844571,5.198e-39,1.737e-08.0291.0290,5373.15640.200.000000,3,2,O,19q,344440,4,3,2,1,1,0,105.0,117.0
49,221,2124.780993,1.633e-34,1.115e-08.0273.0270,3326.38290.200.000000,2,1,O,22q,344440,4,3,2,1,1,0,246.0,270.0
50,221,2126.015293,8.913999999999999e-31,5.364e-09.0273.0270,1290.81000.200.000000,1,0,O,25q,344440,4,3,2,1,1,0,141.0,153.0
51,222,2127.698428,5.74e-32,1.047e-05.0273.0270,887.56270.200.000000,1,0,O,21q,344440,4,3,2,1,1,0,1548.0,1548.0
52,221,2131.2133949999998,1.4369999999999998e-38,1.790e-08.0311.0310,5299.03220.270.000000,3,2,O,18q,344440,4,3,2,1,1,0,198.0,222.0
53,221,2133.306341,1.209e-34,1.149e-08.0273.0270,3239.85010.200.000000,2,1,O,21q,344440,4,3,2,1,1,0,117.0,129.0
54,221,2134.693899,2.8239999999999995e-30,5.526e-09.0273.0270,1191.68900.200.000000,1,0,O,24q,344440,4,3,2,1,1,0,270.0,294.0
55,222,2135.96905,8.234e-32,1.055e-05.0274.0270,806.96980.200.000000,1,0,O,20q,344440,4,3,2,1,1,0,1476.0,1476.0
56,221,2139.552061,9.716999999999999e-39,1.846e-08.0332.0330,5228.79400.340.000000,3,2,O,17q,344440,4,3,2,1,1,0,93.0,105.0
57,221,2141.802441,3.5049999999999998e-34,1.184e-08.0274.0270,3157.22980.200.000000,2,1,O,20q,344440,4,3,2,1,1,0,222.0,246.0
58,221,2143.344166,2.19e-30,5.693e-09.0273.0270,1096.50590.200.000000,1,0,O,23q,344440,4,3,2,1,1,0,129.0,141.0
59,222,2144.211628,1.156e-31,1.063e-05.0291.0290,730.19710.200.000000,1,0,O,19q,344440,4,3,2,1,1,0,1404.0,1404.0
60,221,2147.860298,2.5689999999999997e-38,1.904e-08.0354.0350,5162.44410.410.000000,3,2,O,16q,344440,4,3,2,1,1,0,174.0,198.0
61,221,2150.269023,2.485e-34,1.220e-08.0291.0290,3078.52490.200.000000,2,1,O,19q,344440,4,3,2,1,1,0,105.0,117.0
62,221,2151.965824,6.652e-30,5.867e-09.0273.0270,1005.26390.200.000000,1,0,O,22q,344440,4,3,2,1,1,0,246.0,270.0
63,222,2152.4259079999997,1.59e-31,1.071e-05.0311.0310,657.24710.270.000000,1,0,O,18q,344440,4,3,2,1,1,0,1332.0,1332.0
64,221,2156.137833,1.659e-38,1.965e-08.0375.0370,5099.98500.470.000000,3,2,O,15q,344440,4,3,2,1,1,0,81.0,93.0
65,221,2158.705818,6.893999999999999e-34,1.258e-08.0311.0310,3003.73830.270.000000,2,1,O,18q,344440,4,3,2,1,1,0,198.0,222.0
66,221,2160.558605,4.9439999999999995e-30,6.046e-09.0273.0270,917.96630.200.000000,1,0,O,21q,344440,4,3,2,1,1,0,117.0,129.0
67,222,2160.611637,2.1379999999999998e-31,1.079e-05.0332.0330,588.12220.340.000000,1,0,O,17q,344440,4,3,2,1,1,0,1260.0,1260.0
68,221,2164.384394,4.1830000000000003e-38,2.028e-08.0396.0400,5041.41900.520.000000,3,2,O,14q,344440,4,3,2,1,1,0,150.0,174.0
69,221,2167.112553,4.675e-34,1.297e-08.0332.0330,2932.87250.340.000000,2,1,O,17q,344440,4,3,2,1,1,0,93.0,105.0
70,222,2168.768563,2.81e-31,1.087e-05.0354.0350,522.82490.410.000000,1,0,O,16q,344440,4,3,2,1,1,0,1188.0,1188.0
71,221,2169.1222399999997,1.4379999999999998e-29,6.230e-09.0274.0270,834.61610.200.000000,1,0,O,20q,344440,4,3,2,1,1,0,222.0,246.0
72,221,2172.59971,2.574e-38,2.096e-08.0415.0420,4986.74790.570.000000,3,2,O,13q,344440,4,3,2,1,1,0,69.0,81.0
73,221,2175.488959,1.2389999999999999e-33,1.337e-08.0354.0350,2865.93000.410.000000,2,1,O,16q,344440,4,3,2,1,1,0,174.0,198.0
74,222,2176.8964309999997,3.61e-31,1.096e-05.0375.0380,461.35730.470.000000,1,0,O,15q,344440,4,3,2,1,1,0,1116.0,1116.0
75,221,2177.656457,1.0229999999999999e-29,6.420e-09.0291.0290,755.21600.200.000000,1,0,O,19q,344440,4,3,2,1,1,0,105.0,117.0
76,221,2180.783508,6.173999999999999e-38,2.167e-08.0433.0430,4935.97390.620.000000,3,2,O,12q,344440,4,3,2,1,1,0,126.0,150.0
77,221,2183.834763,8.025999999999999e-34,1.380e-08.0375.0370,2802.91320.470.000000,2,1,O,15q,344440,4,3,2,1,1,0,81.0,93.0
78,222,2184.994988,4.532e-31,1.104e-05.0396.0400,403.72150.520.000000,1,0,O,14q,344440,4,3,2,1,1,0,1044.0,1044.0
79,221,2186.160988,2.848e-29,6.620e-09.0311.0310,679.76900.270.000000,1,0,O,18q,344440,4,3,2,1,1,0,198.0,222.0
80,221,2188.9355140000002,3.6049999999999997e-38,2.244e-08.0448.0450,4889.09860.650.000000,3,2,O,11q,344440,4,3,2,1,1,0,57.0,69.0
81,221,2192.149695,2.029e-33,1.425e-08.0396.0400,2743.82420.520.000000,2,1,O,14q,344440,4,3,2,1,1,0,150.0,174.0
82,222,2193.063979,5.55e-31,1.113e-05.0415.0410,349.91930.570.000000,1,0,O,13q,344440,4,3,2,1,1,0,972.0,972.0
83,221,2194.635561,1.9369999999999998e-29,6.824e-09.0332.0330,608.27760.340.000000,1,0,O,17q,344440,4,3,2,1,1,0,93.0,105.0
84,221,2197.055455,8.183999999999999e-38,2.327e-08.0463.0460,4846.12380.680.000000,3,2,O,10q,344440,4,3,2,1,1,0,102.0,126.0
85,221,2200.433481,1.252e-33,1.473e-08.0415.0420,2688.66510.570.000000,2,1,O,13q,344440,4,3,2,1,1,0,69.0,81.0
86,222,2201.10315,6.629999999999999e-31,1.121e-05.0433.0430,299.95260.620.000000,1,0,O,12q,344440,4,3,2,1,1,0,900.0,900.0
87,221,2203.079906,5.150999999999999e-29,7.039e-09.0354.0350,540.74430.410.000000,1,0,O,16q,344440,4,3,2,1,1,0,174.0,198.0
88,221,2205.143057,4.5060000000000005e-38,2.419e-08.0476.0480,4807.05090.710.000000,3,2,O,9q,344440,4,3,2,1,1,0,45.0,57.0
89,221,2208.685849,3.0089999999999997e-33,1.522e-08.0433.0430,2637.43790.620.000000,2,1,O,12q,344440,4,3,2,1,1,0,126.0,150.0
90,222,2209.112246,7.715999999999999e-31,1.129e-05.0448.0450,253.82300.650.000000,1,0,O,11q,344440,4,3,2,1,1,0,828.0,828.0
91,221,2211.493751,3.3449999999999996e-29,7.265e-09.0375.0370,477.17140.470.000000,1,0,O,15q,344440,4,3,2,1,1,0,81.0,93.0
92,221,2213.198046,9.599999999999999e-38,2.525e-08.0488.0490,4771.88140.730.000000,3,2,O,8q,344440,4,3,2,1,1,0,78.0,102.0
93,221,2216.906527,1.761e-33,1.577e-08.0448.0450,2590.14440.650.000000,2,1,O,11q,344440,4,3,2,1,1,0,57.0,69.0
94,222,2217.0910120000003,8.723999999999999e-31,1.138e-05.0463.0460,211.53220.680.000000,1,0,O,10q,344440,4,3,2,1,1,0,756.0,756.0
95,221,2219.876825,8.48e-29,7.500e-09.0396.0400,417.56110.520.000000,1,0,O,14q,344440,4,3,2,1,1,0,150.0,174.0
96,221,2221.220147,4.925e-38,2.649e-08.0499.0500,4740.61650.740.000000,3,2,O,7q,344440,4,3,2,1,1,0,33.0,45.0
97,222,2225.039191,9.578e-31,1.146e-05.0476.0480,173.08140.710.000000,1,0,O,9q,344440,4,3,2,1,1,0,684.0,684.0
98,221,2225.095241,4.005e-33,1.635e-08.0463.0460,2546.78620.680.000000,2,1,O,10q,344440,4,3,2,1,1,0,102.0,126.0
99,221,2228.2288550000003,5.242e-29,7.748e-09.0415.0420,361.91560.570.000000,1,0,O,13q,344440,4,3,2,1,1,0,69.0,81.0
100,221,2229.209086,9.671e-38,2.803e-08.0512.0510,4713.25730.750.000000,3,2,O,6q,344440,4,3,2,1,1,0,54.0,78.0
101,222,2232.95653,1.0179999999999999e-30,1.155e-05.0488.0490,138.47210.730.000000,1,0,O,8q,344440,4,3,2,1,1,0,612.0,612.0
102,221,2233.251717,2.209e-33,1.700e-08.0476.0480,2507.36480.710.000000,2,1,O,9q,344440,4,3,2,1,1,0,45.0,57.0
103,221,2236.54957,1.2629999999999997e-28,8.012e-09.0433.0430,310.23660.620.000000,1,0,O,12q,344440,4,3,2,1,1,0,126.0,150.0
104,221,2237.164588,4.496e-38,3.011e-08.0525.0520,4689.80470.760.000000,3,2,O,5q,344440,4,3,2,1,1,0,21.0,33.0
105,222,2240.842771,1.0409999999999998e-30,1.164e-05.0499.0500,107.70530.740.000000,1,0,O,7q,344440,4,3,2,1,1,0,540.0,540.0
106,221,2241.3756829999998,4.714e-33,1.774e-08.0488.0490,2471.88160.730.000000,2,1,O,8q,344440,4,3,2,1,1,0,78.0,102.0
107,221,2244.8386960000003,7.407e-29,8.298e-09.0448.0450,262.52610.650.000000,1,0,O,11q,344440,4,3,2,1,1,0,57.0,69.0
108,221,2245.086377,7.767e-38,3.335e-08.0542.0540,4670.25960.760.000000,3,2,O,4q,344440,4,3,2,1,1,0,30.0,54.0
109,222,2248.697658,1.02e-30,1.172e-05.0512.0510,80.78210.750.000000,1,0,O,6q,344440,4,3,2,1,1,0,468.0,468.0
110,221,2249.466863,2.4219999999999997e-33,1.862e-08.0499.0500,2440.33790.740.000000,2,1,O,7q,344440,4,3,2,1,1,0,33.0,45.0
111,221,2252.974178,2.986e-38,3.989e-08.0562.0560,4654.62280.770.000000,3,2,O,3q,344440,4,3,2,1,1,0,9.0,21.0
112,221,2253.095961,1.6880000000000001e-28,8.606e-09.0463.0460,218.78560.680.000000,1,0,O,10q,344440,4,3,2,1,1,0,102.0,126.0
113,222,2256.520935,9.46e-31,1.181e-05.0525.0530,57.70350.760.000000,1,0,O,5q,344440,4,3,2,1,1,0,396.0,396.0
114,221,2257.524983,4.762e-33,1.970e-08.0512.0510,2412.73470.750.000000,2,1,O,6q,344440,4,3,2,1,1,0,54.0,78.0
115,221,2260.827714,3.575e-38,6.814e-08.0588.0590,4642.89460.780.000000,3,2,O,2q,344440,4,3,2,1,1,0,6.0,30.0
116,221,2261.321091,9.329e-29,8.951e-09.0476.0480,179.01680.710.000000,1,0,O,9q,344440,4,3,2,1,1,0,45.0,57.0
117,221,2262.065563,1.596e-39,1.739e-08.0200.0200,5801.96980.200.000000,3,2,Q,24q,344440,4,3,2,1,1,0,294.0,294.0
118,221,2262.905123,1.2070000000000001e-39,1.742e-08.0214.0210,5708.45800.200.000000,3,2,Q,23q,344440,4,3,2,1,1,0,141.0,141.0
119,221,2263.709651,3.5759999999999996e-39,1.744e-08.0230.0230,5618.81770.200.000000,3,2,Q,22q,344440,4,3,2,1,1,0,270.0,270.0
120,222,2264.236109,1.8969999999999995e-36,1.240e-05.0200.0200,3140.30490.200.000000,1,0,Q,40q,344440,4,3,2,1,1,0,2916.0,2916.0
121,222,2264.312346,8.162e-31,1.190e-05.0542.0540,38.47010.760.000000,1,0,O,4q,344440,4,3,2,1,1,0,324.0,324.0
122,221,2264.479154,2.594e-39,1.746e-08.0250.0250,5533.05200.200.000000,3,2,Q,21q,344440,4,3,2,1,1,0,129.0,129.0
123,221,2265.2136379999997,7.372e-39,1.749e-08.0273.0270,5451.16390.200.000000,3,2,Q,20q,344440,4,3,2,1,1,0,246.0,246.0
124,221,2265.549769,2.2159999999999997e-33,2.117e-08.0525.0520,2389.07300.760.000000,2,1,O,5q,344440,4,3,2,1,1,0,21.0,33.0
125,222,2265.559389,3.886e-36,1.239e-05.0200.0200,2987.78740.200.000000,1,0,Q,39q,344440,4,3,2,1,1,0,2844.0,2844.0
126,221,2265.913109,5.125999999999999e-39,1.751e-08.0299.0300,5373.15640.200.000000,3,2,Q,19q,344440,4,3,2,1,1,0,117.0,117.0
127,221,2266.577573,1.3959999999999997e-38,1.754e-08.0327.0330,5299.03220.270.000000,3,2,Q,18q,344440,4,3,2,1,1,0,222.0,222.0
128,222,2266.84947,7.81e-36,1.238e-05.0200.0200,2839.01680.200.000000,1,0,Q,38q,344440,4,3,2,1,1,0,2772.0,2772.0
129,221,2267.2070350000004,9.293999999999999e-39,1.756e-08.0332.0330,5228.79400.340.000000,3,2,Q,17q,344440,4,3,2,1,1,0,105.0,105.0
130,221,2267.8014989999997,2.4219999999999997e-38,1.759e-08.0339.0340,5162.44410.410.000000,3,2,Q,16q,344440,4,3,2,1,1,0,198.0,198.0
131,222,2268.106364,1.5419999999999998e-35,1.237e-05.0200.0200,2693.99850.200.000000,1,0,Q,37q,344440,4,3,2,1,1,0,2700.0,2700.0
132,221,2268.360971,1.5419999999999996e-38,1.761e-08.0330.0330,5099.98500.470.000000,3,2,Q,15q,344440,4,3,2,1,1,0,93.0,93.0
133,221,2268.885455,3.839e-38,1.763e-08.0357.0360,5041.41900.520.000000,3,2,Q,14q,344440,4,3,2,1,1,0,174.0,174.0
134,222,2269.330077,2.984e-35,1.237e-05.0200.0200,2552.73680.200.000000,1,0,Q,36q,344440,4,3,2,1,1,0,2628.0,2628.0
135,221,2269.3749559999997,2.3329999999999998e-38,1.765e-08.0356.0360,4986.74790.570.000000,3,2,Q,13q,344440,4,3,2,1,1,0,81.0,81.0
136,221,2269.513814,1.9939999999999999e-28,9.342e-09.0488.0490,143.22090.730.000000,1,0,O,8q,344440,4,3,2,1,1,0,78.0,102.0
137,221,2269.750311,1.322e-39,1.181e-08.0200.0200,5873.00870.200.000000,2,1,Q,42q,344440,4,3,2,1,1,0,510.0,510.0
138,221,2269.8294760000003,5.536e-38,1.768e-08.0374.0370,4935.97390.620.000000,3,2,Q,12q,344440,4,3,2,1,1,0,150.0,150.0
139,221,2270.2490190000003,3.202e-38,1.771e-08.0432.0430,4889.09860.650.000000,3,2,Q,11q,344440,4,3,2,1,1,0,69.0,69.0
140,222,2270.52062,5.67e-35,1.236e-05.0200.0200,2415.23710.200.000000,1,0,Q,35q,344440,4,3,2,1,1,0,2556.0,2556.0
141,221,2270.633589,7.215999999999999e-38,1.774e-08.0466.0470,4846.12380.680.000000,3,2,Q,10q,344440,4,3,2,1,1,0,126.0,126.0
142,221,2270.983189,3.9539999999999996e-38,1.778e-08.0472.0470,4807.05090.710.000000,3,2,Q,9q,344440,4,3,2,1,1,0,57.0,57.0
143,221,2271.217207,1.4329999999999998e-39,1.183e-08.0200.0200,5709.04310.200.000000,2,1,Q,41q,344440,4,3,2,1,1,0,249.0,249.0
144,221,2271.297821,8.415e-38,1.782e-08.0469.0470,4771.88140.730.000000,3,2,Q,8q,344440,4,3,2,1,1,0,102.0,102.0
145,221,2271.577488,4.336e-38,1.789e-08.0476.0480,4740.61650.740.000000,3,2,Q,7q,344440,4,3,2,1,1,0,45.0,45.0
146,222,2271.678001,1.056e-34,1.235e-05.0200.0200,2281.50340.200.000000,1,0,Q,34q,344440,4,3,2,1,1,0,2484.0,2484.0
147,221,2271.822191,8.624999999999999e-38,1.797e-08.0469.0470,4713.25730.750.000000,3,2,Q,6q,344440,4,3,2,1,1,0,78.0,78.0
148,221,2272.031934,4.12e-38,1.811e-08.0477.0480,4689.80470.760.000000,3,2,Q,5q,344440,4,3,2,1,1,0,33.0,33.0
149,222,2272.071633,6.265999999999999e-31,1.199e-05.0562.0560,23.08250.770.000000,1,0,O,3q,344440,4,3,2,1,1,0,252.0,252.0
150,221,2272.206717,7.512e-38,1.835e-08.0490.0490,4670.25960.760.000000,3,2,Q,4q,344440,4,3,2,1,1,0,54.0,54.0
151,221,2272.346542,3.236e-38,1.885e-08.0509.0510,4654.62280.770.000000,3,2,Q,3q,344440,4,3,2,1,1,0,21.0,21.0
152,221,2272.45141,5.244999999999999e-38,2.020e-08.0535.0530,4642.89460.780.000000,3,2,Q,2q,344440,4,3,2,1,1,0,30.0,30.0
153,221,2272.521321,2.288e-38,2.828e-08.0567.0570,4635.07560.790.000000,3,2,Q,1q,344440,4,3,2,1,1,0,9.0,9.0
154,221,2272.649023,6.101e-39,1.186e-08.0200.0200,5548.90350.200.000000,2,1,Q,40q,344440,4,3,2,1,1,0,486.0,486.0
155,222,2272.802227,1.931e-34,1.234e-05.0200.0200,2151.54030.200.000000,1,0,Q,33q,344440,4,3,2,1,1,0,2412.0,2412.0
156,221,2273.540946,3.831999999999999e-33,2.344e-08.0542.0540,2369.35370.760.000000,2,1,O,4q,344440,4,3,2,1,1,0,30.0,54.0
157,222,2273.893307,3.462e-34,1.233e-05.0200.0200,2025.35250.200.000000,1,0,Q,32q,344440,4,3,2,1,1,0,2340.0,2340.0
158,221,2274.0457699999997,6.367e-39,1.189e-08.0200.0200,5392.59550.200.000000,2,1,Q,39q,344440,4,3,2,1,1,0,237.0,237.0
159,222,2274.951248,6.09e-34,1.233e-05.0200.0200,1902.94410.200.000000,1,0,Q,31q,344440,4,3,2,1,1,0,2268.0,2268.0
160,221,2275.407461,2.607e-38,1.191e-08.0200.0200,5240.12460.200.000000,2,1,Q,38q,344440,4,3,2,1,1,0,462.0,462.0
161,222,2275.976057,1.05e-33,1.232e-05.0200.0200,1784.31910.200.000000,1,0,Q,30q,344440,4,3,2,1,1,0,2196.0,2196.0
162,221,2276.734106,2.618e-38,1.194e-08.0200.0200,5091.49610.200.000000,2,1,Q,37q,344440,4,3,2,1,1,0,225.0,225.0
163,222,2276.9677420000003,1.777e-33,1.231e-05.0200.0200,1669.48140.200.000000,1,0,Q,29q,344440,4,3,2,1,1,0,2124.0,2124.0
164,221,2277.673854,1.026e-28,9.804e-09.0499.0500,111.39910.740.000000,1,0,O,7q,344440,4,3,2,1,1,0,33.0,45.0
165,222,2277.926309,2.9479999999999998e-33,1.230e-05.0200.0200,1558.43510.200.000000,1,0,Q,28q,344440,4,3,2,1,1,0,2052.0,2052.0
166,221,2278.025716,1.0309999999999999e-37,1.197e-08.0200.0200,4946.71520.200.000000,2,1,Q,36q,344440,4,3,2,1,1,0,438.0,438.0
167,222,2278.851765,4.7939999999999996e-33,1.230e-05.0200.0200,1451.18370.200.000000,1,0,Q,27q,344440,4,3,2,1,1,0,1980.0,1980.0
168,221,2279.282302,9.957e-38,1.199e-08.0200.0200,4805.78700.200.000000,2,1,Q,35q,344440,4,3,2,1,1,0,213.0,213.0
169,222,2279.744116,7.643999999999999e-33,1.229e-05.0200.0200,1347.73100.200.000000,1,0,Q,26q,344440,4,3,2,1,1,0,1908.0,1908.0
170,222,2279.798539,3.7479999999999995e-31,1.208e-05.0588.0590,11.54150.780.000000,1,0,O,2q,344440,4,3,2,1,1,0,180.0,180.0
171,221,2280.112167,1.263e-39,6.037e-09.0200.0200,5647.28830.200.000000,1,0,Q,53q,344440,4,3,2,1,1,0,321.0,321.0
172,221,2280.503873,3.772e-37,1.202e-08.0200.0200,4668.71660.200.000000,2,1,Q,34q,344440,4,3,2,1,1,0,414.0,414.0
173,222,2280.603367,1.195e-32,1.229e-05.0200.0200,1248.08020.200.000000,1,0,Q,25q,344440,4,3,2,1,1,0,1836.0,1836.0
174,222,2281.429525,1.83e-32,1.228e-05.0200.0200,1152.23490.200.000000,1,0,Q,24q,344440,4,3,2,1,1,0,1764.0,1764.0
175,221,2281.4982379999997,1.4739999999999999e-33,2.803e-08.0562.0560,2353.57740.770.000000,2,1,O,3q,344440,4,3,2,1,1,0,9.0,21.0
176,221,2281.690439,3.5019999999999998e-37,1.204e-08.0200.0200,4535.50860.200.000000,2,1,Q,33q,344440,4,3,2,1,1,0,201.0,201.0
177,221,2281.959652,6.805999999999999e-39,6.055e-09.0200.0200,5439.79940.200.000000,1,0,Q,52q,344440,4,3,2,1,1,0,630.0,630.0
178,222,2282.2225949999997,2.748e-32,1.227e-05.0214.0210,1060.19820.200.000000,1,0,Q,23q,344440,4,3,2,1,1,0,1692.0,1692.0
179,221,2282.842009,1.2749999999999998e-36,1.206e-08.0200.0200,4406.16770.200.000000,2,1,Q,32q,344440,4,3,2,1,1,0,390.0,390.0
180,222,2282.982582,4.0439999999999993e-32,1.227e-05.0230.0230,971.97310.200.000000,1,0,Q,22q,344440,4,3,2,1,1,0,1620.0,1620.0
181,222,2283.709492,5.827999999999999e-32,1.227e-05.0250.0250,887.56270.200.000000,1,0,Q,21q,344440,4,3,2,1,1,0,1548.0,1548.0
182,221,2283.772036,8.998e-39,6.074e-09.0200.0200,5236.10070.200.000000,1,0,Q,51q,344440,4,3,2,1,1,0,309.0,309.0
183,221,2283.958593,1.1379999999999997e-36,1.208e-08.0200.0200,4280.69860.200.000000,2,1,Q,31q,344440,4,3,2,1,1,0,189.0,189.0
184,221,2284.179972,3.9899999999999996e-38,1.466e-08.0663.0660,4631.16610.810.000000,3,2,S,0q,344440,4,3,2,1,1,0,30.0,6.0
185,222,2284.4033280000003,8.228e-32,1.226e-05.0273.0270,806.96980.200.000000,1,0,Q,20q,344440,4,3,2,1,1,0,1476.0,1476.0
186,221,2285.040199,3.9849999999999995e-36,1.211e-08.0200.0200,4159.10550.200.000000,2,1,Q,30q,344440,4,3,2,1,1,0,366.0,366.0
187,222,2285.064096,1.137e-31,1.226e-05.0299.0300,730.19710.200.000000,1,0,Q,19q,344440,4,3,2,1,1,0,1404.0,1404.0
188,221,2285.549336,4.6689999999999996e-38,6.091e-09.0200.0200,5036.19950.200.000000,1,0,Q,50q,344440,4,3,2,1,1,0,606.0,606.0
189,222,2285.6917989999997,1.539e-31,1.225e-05.0327.0330,657.24710.270.000000,1,0,Q,18q,344440,4,3,2,1,1,0,1332.0,1332.0
190,221,2285.800938,2.019e-28,1.037e-08.0512.0510,83.55270.750.000000,1,0,O,6q,344440,4,3,2,1,1,0,54.0,78.0
191,221,2286.086835,3.418e-36,1.213e-08.0200.0200,4041.39280.200.000000,2,1,Q,29q,344440,4,3,2,1,1,0,177.0,177.0
192,222,2286.286442,2.038e-31,1.225e-05.0332.0330,588.12220.340.000000,1,0,Q,17q,344440,4,3,2,1,1,0,1260.0,1260.0
193,222,2286.8480289999998,2.642e-31,1.225e-05.0339.0340,522.82490.410.000000,1,0,Q,16q,344440,4,3,2,1,1,0,1188.0,1188.0
194,221,2287.0985100000003,1.149e-35,1.215e-08.0200.0200,3927.56450.200.000000,2,1,Q,28q,344440,4,3,2,1,1,0,342.0,342.0
195,221,2287.291567,5.944e-38,6.109e-09.0200.0200,4840.10260.200.000000,1,0,Q,49q,344440,4,3,2,1,1,0,297.0,297.0
196,222,2287.376563,3.35e-31,1.224e-05.0330.0330,461.35730.470.000000,1,0,Q,15q,344440,4,3,2,1,1,0,1116.0,1116.0
197,222,2287.872048,4.15e-31,1.224e-05.0357.0360,403.72150.520.000000,1,0,Q,14q,344440,4,3,2,1,1,0,1044.0,1044.0
198,221,2288.075231,9.47e-36,1.217e-08.0200.0200,3817.62480.200.000000,2,1,Q,27q,344440,4,3,2,1,1,0,165.0,165.0
199,222,2288.3344859999997,5.022e-31,1.223e-05.0356.0360,349.91930.570.000000,1,0,Q,13q,344440,4,3,2,1,1,0,972.0,972.0
200,222,2288.76388,5.934e-31,1.223e-05.0374.0370,299.95260.620.000000,1,0,Q,12q,344440,4,3,2,1,1,0,900.0,900.0
201,221,2288.998742,2.97e-37,6.127e-09.0200.0200,4647.81680.200.000000,1,0,Q,48q,344440,4,3,2,1,1,0,582.0,582.0
202,221,2289.017005,3.058e-35,1.219e-08.0200.0200,3711.57730.200.000000,2,1,Q,26q,344440,4,3,2,1,1,0,318.0,318.0
203,222,2289.160234,6.8400000000000005e-31,1.223e-05.0432.0430,253.82300.650.000000,1,0,Q,11q,344440,4,3,2,1,1,0,828.0,828.0
204,221,2289.42137,1.766e-33,4.790e-08.0588.0590,2341.74470.780.000000,2,1,O,2q,344440,4,3,2,1,1,0,6.0,30.0
205,222,2289.52355,7.6799999999999996e-31,1.223e-05.0466.0470,211.53220.680.000000,1,0,Q,10q,344440,4,3,2,1,1,0,756.0,756.0
206,222,2289.85383,8.394e-31,1.222e-05.0472.0470,173.08140.710.000000,1,0,Q,9q,344440,4,3,2,1,1,0,684.0,684.0
207,221,2289.92384,2.4199999999999995e-35,1.221e-08.0200.0200,3609.42590.200.000000,2,1,Q,25q,344440,4,3,2,1,1,0,153.0,153.0
208,222,2290.151076,8.906e-31,1.222e-05.0469.0470,138.47210.730.000000,1,0,Q,8q,344440,4,3,2,1,1,0,612.0,612.0
209,222,2290.41529,9.154e-31,1.222e-05.0476.0480,107.70530.740.000000,1,0,Q,7q,344440,4,3,2,1,1,0,540.0,540.0
210,222,2290.6464739999997,9.088e-31,1.222e-05.0469.0470,80.78210.750.000000,1,0,Q,6q,344440,4,3,2,1,1,0,468.0,468.0
211,221,2290.670876,3.6399999999999996e-37,6.144e-09.0200.0200,4459.34900.200.000000,1,0,Q,47q,344440,4,3,2,1,1,0,285.0,285.0
212,221,2290.795743,7.501999999999999e-35,1.223e-08.0200.0200,3511.17410.200.000000,2,1,Q,24q,344440,4,3,2,1,1,0,294.0,294.0
213,222,2290.8446289999997,8.666e-31,1.222e-05.0477.0480,57.70350.760.000000,1,0,Q,5q,344440,4,3,2,1,1,0,396.0,396.0
214,222,2291.009756,7.892e-31,1.222e-05.0490.0490,38.47010.760.000000,1,0,Q,4q,344440,4,3,2,1,1,0,324.0,324.0
215,222,2291.1418559999997,6.7879999999999995e-31,1.222e-05.0509.0510,23.08250.770.000000,1,0,Q,3q,344440,4,3,2,1,1,0,252.0,252.0
216,222,2291.240931,5.496e-31,1.221e-05.0535.0530,11.54150.780.000000,1,0,Q,2q,344440,4,3,2,1,1,0,180.0,180.0
217,222,2291.3069800000003,4.792e-31,1.221e-05.0567.0570,3.84720.790.000000,1,0,Q,1q,344440,4,3,2,1,1,0,108.0,108.0
218,221,2291.63272,5.695e-35,1.225e-08.0214.0210,3416.82530.200.000000,2,1,Q,23q,344440,4,3,2,1,1,0,141.0,141.0
219,221,2291.893685,3.586e-38,1.932e-08.0621.0620,4635.07560.790.000000,3,2,S,1q,344440,4,3,2,1,1,0,21.0,9.0
220,221,2292.3079829999997,1.7509999999999998e-36,6.161e-09.0200.0200,4274.70550.200.000000,1,0,Q,46q,344440,4,3,2,1,1,0,558.0,558.0
221,221,2292.434777,1.6939999999999999e-34,1.227e-08.0230.0230,3326.38290.200.000000,2,1,Q,22q,344440,4,3,2,1,1,0,270.0,270.0
222,221,2293.20192,1.2329999999999999e-34,1.228e-08.0250.0250,3239.85010.200.000000,2,1,Q,21q,344440,4,3,2,1,1,0,129.0,129.0
223,221,2293.894793,9.408e-29,1.114e-08.0525.0520,59.68260.760.000000,1,0,O,5q,344440,4,3,2,1,1,0,21.0,33.0
224,221,2293.910075,2.065e-36,6.176e-09.0200.0200,4093.89290.200.000000,1,0,Q,45q,344440,4,3,2,1,1,0,273.0,273.0
225,221,2293.934155,3.5169999999999996e-34,1.230e-08.0273.0270,3157.22980.200.000000,2,1,Q,20q,344440,4,3,2,1,1,0,246.0,246.0
226,221,2294.631487,2.454e-34,1.232e-08.0299.0300,3078.52490.200.000000,2,1,Q,19q,344440,4,3,2,1,1,0,117.0,117.0
227,221,2295.293921,6.7029999999999985e-34,1.233e-08.0327.0330,3003.73830.270.000000,2,1,Q,18q,344440,4,3,2,1,1,0,222.0,222.0
228,221,2295.477165,9.558999999999999e-36,6.192e-09.0200.0200,3916.91750.200.000000,1,0,Q,44q,344440,4,3,2,1,1,0,534.0,534.0
229,221,2295.9214629999997,4.476999999999999e-34,1.235e-08.0332.0330,2932.87250.340.000000,2,1,Q,17q,344440,4,3,2,1,1,0,105.0,105.0
230,221,2296.514117,1.17e-33,1.237e-08.0339.0340,2865.93000.410.000000,2,1,Q,16q,344440,4,3,2,1,1,0,198.0,198.0
231,221,2297.0092649999997,1.085e-35,6.206e-09.0200.0200,3743.78520.200.000000,1,0,Q,43q,344440,4,3,2,1,1,0,261.0,261.0
232,221,2297.0718859999997,7.47e-34,1.238e-08.0330.0330,2802.91320.470.000000,2,1,Q,15q,344440,4,3,2,1,1,0,93.0,93.0
233,221,2297.5947760000004,1.864e-33,1.239e-08.0357.0360,2743.82420.520.000000,2,1,Q,14q,344440,4,3,2,1,1,0,174.0,174.0
234,221,2298.082789,1.136e-33,1.242e-08.0356.0360,2688.66510.570.000000,2,1,Q,13q,344440,4,3,2,1,1,0,81.0,81.0
235,221,2298.506388,4.834000000000001e-35,6.223e-09.0200.0200,3574.50230.200.000000,1,0,Q,42q,344440,4,3,2,1,1,0,510.0,510.0
236,221,2298.53593,2.7009999999999998e-33,1.243e-08.0374.0370,2637.43790.620.000000,2,1,Q,12q,344440,4,3,2,1,1,0,150.0,150.0
237,221,2298.954202,1.565e-33,1.245e-08.0432.0430,2590.14440.650.000000,2,1,Q,11q,344440,4,3,2,1,1,0,69.0,69.0
238,221,2299.337607,3.534e-33,1.247e-08.0466.0470,2546.78620.680.000000,2,1,Q,10q,344440,4,3,2,1,1,0,126.0,126.0
239,221,2299.5717489999997,1.004e-37,2.200e-08.0588.0590,4642.89460.780.000000,3,2,S,2q,344440,4,3,2,1,1,0,54.0,30.0
240,221,2299.6861480000002,1.94e-33,1.250e-08.0472.0470,2507.36480.710.000000,2,1,Q,9q,344440,4,3,2,1,1,0,57.0,57.0
241,221,2299.968546,5.28e-35,6.238e-09.0200.0200,3409.07460.200.000000,1,0,Q,41q,344440,4,3,2,1,1,0,249.0,249.0
242,221,2299.999829,4.1339999999999995e-33,1.253e-08.0469.0470,2471.88160.730.000000,2,1,Q,8q,344440,4,3,2,1,1,0,102.0,102.0
243,221,2300.27865,2.1329999999999997e-33,1.257e-08.0476.0480,2440.33790.740.000000,2,1,Q,7q,344440,4,3,2,1,1,0,45.0,45.0
244,221,2300.522614,4.2479999999999996e-33,1.264e-08.0469.0470,2412.73470.750.000000,2,1,Q,6q,344440,4,3,2,1,1,0,78.0,78.0
245,221,2300.731723,2.032e-33,1.274e-08.0477.0480,2389.07300.760.000000,2,1,Q,5q,344440,4,3,2,1,1,0,33.0,33.0
246,221,2300.9059780000002,3.706999999999999e-33,1.290e-08.0490.0490,2369.35370.760.000000,2,1,Q,4q,344440,4,3,2,1,1,0,54.0,54.0
247,221,2301.045381,1.5979999999999998e-33,1.325e-08.0509.0510,2353.57740.770.000000,2,1,Q,3q,344440,4,3,2,1,1,0,21.0,21.0
248,221,2301.149932,2.5909999999999997e-33,1.420e-08.0535.0530,2341.74470.780.000000,2,1,Q,2q,344440,4,3,2,1,1,0,30.0,30.0
249,221,2301.2196329999997,1.131e-33,1.988e-08.0567.0570,2333.85600.790.000000,2,1,Q,1q,344440,4,3,2,1,1,0,9.0,9.0
250,221,2301.395748,2.263e-34,6.253e-09.0200.0200,3247.50780.200.000000,1,0,Q,40q,344440,4,3,2,1,1,0,486.0,486.0
251,221,2301.9551420000003,1.628e-28,1.234e-08.0542.0540,39.78950.760.000000,1,0,O,4q,344440,4,3,2,1,1,0,30.0,54.0
252,222,2302.782397,4.175999999999999e-31,1.235e-05.0663.0660,0.00000.810.000000,1,0,S,0q,344440,4,3,2,1,1,0,36.0,36.0
253,221,2302.788007,2.377e-34,6.265e-09.0200.0200,3089.80750.200.000000,1,0,Q,39q,344440,4,3,2,1,1,0,237.0,237.0
254,221,2304.145333,9.798999999999998e-34,6.281e-09.0200.0200,2935.97920.200.000000,1,0,Q,38q,344440,4,3,2,1,1,0,462.0,462.0
255,221,2305.467736,9.901e-34,6.294e-09.0200.0200,2786.02830.200.000000,1,0,Q,37q,344440,4,3,2,1,1,0,225.0,225.0
256,221,2306.755226,3.924e-33,6.307e-09.0200.0200,2639.96000.200.000000,1,0,Q,36q,344440,4,3,2,1,1,0,438.0,438.0
257,221,2307.2138879999998,6.250999999999999e-38,2.388e-08.0562.0560,4654.62280.770.000000,3,2,S,3q,344440,4,3,2,1,1,0,33.0,21.0
258,221,2308.0078129999997,3.8129999999999994e-33,6.321e-09.0200.0200,2497.77920.200.000000,1,0,Q,35q,344440,4,3,2,1,1,0,213.0,213.0
259,221,2309.225505,1.453e-32,6.334e-09.0200.0200,2359.49110.200.000000,1,0,Q,34q,344440,4,3,2,1,1,0,414.0,414.0
260,221,2309.981711,6.269e-29,1.476e-08.0562.0560,23.87430.770.000000,1,0,O,3q,344440,4,3,2,1,1,0,9.0,21.0
261,222,2310.377204,7.504000000000001e-31,1.244e-05.0621.0620,3.84720.790.000000,1,0,S,1q,344440,4,3,2,1,1,0,108.0,108.0
262,221,2310.408312,1.357e-32,6.347e-09.0200.0200,2225.10030.200.000000,1,0,Q,33q,344440,4,3,2,1,1,0,201.0,201.0
263,221,2311.556242,4.969e-32,6.358e-09.0200.0200,2094.61150.200.000000,1,0,Q,32q,344440,4,3,2,1,1,0,390.0,390.0
264,221,2312.669303,4.4589999999999994e-32,6.370e-09.0200.0200,1968.02930.200.000000,1,0,Q,31q,344440,4,3,2,1,1,0,189.0,189.0
265,221,2312.983045,1.973e-33,1.031e-08.0663.0660,2329.91160.810.000000,2,1,S,0q,344440,4,3,2,1,1,0,30.0,6.0
266,221,2313.747503,1.569e-31,6.381e-09.0200.0200,1845.35800.200.000000,1,0,Q,30q,344440,4,3,2,1,1,0,366.0,366.0
267,221,2314.790851,1.3519999999999998e-31,6.390e-09.0200.0200,1726.60190.200.000000,1,0,Q,29q,344440,4,3,2,1,1,0,177.0,177.0
268,221,2314.819822,1.447e-37,2.540e-08.0542.0540,4670.25960.760.000000,3,2,S,4q,344440,4,3,2,1,1,0,78.0,54.0
269,221,2315.7993530000003,4.57e-31,6.402e-09.0200.0200,1611.76520.200.000000,1,0,Q,28q,344440,4,3,2,1,1,0,342.0,342.0
270,221,2316.773017,3.7829999999999996e-31,6.412e-09.0200.0200,1500.85180.200.000000,1,0,Q,27q,344440,4,3,2,1,1,0,165.0,165.0
271,221,2317.711849,1.227e-30,6.421e-09.0200.0200,1393.86550.200.000000,1,0,Q,26q,344440,4,3,2,1,1,0,318.0,318.0
272,222,2317.938341,1.051e-30,1.253e-05.0588.0590,11.54150.780.000000,1,0,S,2q,344440,4,3,2,1,1,0,180.0,180.0
273,221,2317.974225,7.515e-29,2.522e-08.0588.0590,11.93730.780.000000,1,0,O,2q,344440,4,3,2,1,1,0,6.0,30.0
274,221,2318.615855,9.754e-31,6.434e-09.0200.0200,1290.81000.200.000000,1,0,Q,25q,344440,4,3,2,1,1,0,153.0,153.0
275,221,2319.485043,3.037e-30,6.444e-09.0200.0200,1191.68900.200.000000,1,0,Q,24q,344440,4,3,2,1,1,0,294.0,294.0
276,221,2320.319418,2.315e-30,6.453e-09.0214.0210,1096.50590.200.000000,1,0,Q,23q,344440,4,3,2,1,1,0,141.0,141.0
277,221,2320.7667760000004,1.772e-33,1.358e-08.0621.0620,2333.85600.790.000000,2,1,S,1q,344440,4,3,2,1,1,0,21.0,9.0
278,221,2321.118985,6.912e-30,6.462e-09.0230.0230,1005.26390.200.000000,1,0,Q,22q,344440,4,3,2,1,1,0,270.0,270.0
279,221,2321.8837510000003,5.051e-30,6.470e-09.0250.0250,917.96630.200.000000,1,0,Q,21q,344440,4,3,2,1,1,0,129.0,129.0
280,221,2322.3892739999997,7.926e-38,2.670e-08.0525.0520,4689.80470.760.000000,3,2,S,5q,344440,4,3,2,1,1,0,45.0,33.0
281,221,2322.61372,1.445e-29,6.477e-09.0273.0270,834.61610.200.000000,1,0,Q,20q,344440,4,3,2,1,1,0,246.0,246.0
282,221,2323.308897,1.012e-29,6.488e-09.0299.0300,755.21600.200.000000,1,0,Q,19q,344440,4,3,2,1,1,0,117.0,117.0
283,221,2323.969287,2.773e-29,6.496e-09.0327.0330,679.76900.270.000000,1,0,Q,18q,344440,4,3,2,1,1,0,222.0,222.0
284,221,2324.5948940000003,1.8579999999999998e-29,6.505e-09.0332.0330,608.27760.340.000000,1,0,Q,17q,344440,4,3,2,1,1,0,105.0,105.0
285,221,2325.185723,4.8679999999999995e-29,6.512e-09.0339.0340,540.74430.410.000000,1,0,Q,16q,344440,4,3,2,1,1,0,198.0,198.0
286,222,2325.46555,1.3099999999999999e-30,1.263e-05.0562.0560,23.08250.770.000000,1,0,S,3q,344440,4,3,2,1,1,0,252.0,252.0
287,221,2325.7417769999997,3.117e-29,6.521e-09.0330.0330,477.17140.470.000000,1,0,Q,15q,344440,4,3,2,1,1,0,93.0,93.0
288,221,2326.26306,7.798e-29,6.529e-09.0357.0360,417.56110.520.000000,1,0,Q,14q,344440,4,3,2,1,1,0,174.0,174.0
289,221,2326.749576,4.762e-29,6.538e-09.0356.0360,361.91560.570.000000,1,0,Q,13q,344440,4,3,2,1,1,0,81.0,81.0
290,221,2327.2013269999998,1.135e-28,6.548e-09.0374.0370,310.23660.620.000000,1,0,Q,12q,344440,4,3,2,1,1,0,150.0,150.0
291,221,2327.6183170000004,6.59e-29,6.556e-09.0432.0430,262.52610.650.000000,1,0,Q,11q,344440,4,3,2,1,1,0,69.0,69.0
292,221,2328.000549,1.491e-28,6.570e-09.0466.0470,218.78560.680.000000,1,0,Q,10q,344440,4,3,2,1,1,0,126.0,126.0
293,221,2328.348024,8.196e-29,6.582e-09.0472.0470,179.01680.710.000000,1,0,Q,9q,344440,4,3,2,1,1,0,57.0,57.0
294,221,2328.514965,4.9589999999999996e-33,1.546e-08.0588.0590,2341.74470.780.000000,2,1,S,2q,344440,4,3,2,1,1,0,54.0,30.0
295,221,2328.660745,1.75e-28,6.601e-09.0469.0470,143.22090.730.000000,1,0,Q,8q,344440,4,3,2,1,1,0,102.0,102.0
296,221,2328.938714,9.039e-29,6.622e-09.0476.0480,111.39910.740.000000,1,0,Q,7q,344440,4,3,2,1,1,0,45.0,45.0
297,221,2329.181934,1.8019999999999999e-28,6.654e-09.0469.0470,83.55270.750.000000,1,0,Q,6q,344440,4,3,2,1,1,0,78.0,78.0
298,221,2329.3904039999998,8.627e-29,6.706e-09.0477.0480,59.68260.760.000000,1,0,Q,5q,344440,4,3,2,1,1,0,33.0,33.0
299,221,2329.564128,1.5750000000000002e-28,6.793e-09.0490.0490,39.78950.760.000000,1,0,Q,4q,344440,4,3,2,1,1,0,54.0,54.0
300,221,2329.703105,6.796999999999999e-29,6.978e-09.0509.0510,23.87430.770.000000,1,0,Q,3q,344440,4,3,2,1,1,0,21.0,21.0
301,221,2329.807338,1.1030000000000001e-28,7.480e-09.0535.0530,11.93730.780.000000,1,0,Q,2q,344440,4,3,2,1,1,0,30.0,30.0
302,221,2329.876826,4.8139999999999997e-29,1.047e-08.0567.0570,3.97920.790.000000,1,0,Q,1q,344440,4,3,2,1,1,0,9.0,9.0
303,221,2329.921966,1.662e-37,2.786e-08.0512.0510,4713.25730.750.000000,3,2,S,6q,344440,4,3,2,1,1,0,102.0,78.0
304,222,2332.958572,1.5180000000000001e-30,1.272e-05.0542.0540,38.47010.760.000000,1,0,S,4q,344440,4,3,2,1,1,0,324.0,324.0
305,221,2336.227335,3.088e-33,1.680e-08.0562.0560,2353.57740.770.000000,2,1,S,3q,344440,4,3,2,1,1,0,33.0,21.0
306,221,2337.4176199999997,8.396e-38,2.895e-08.0499.0500,4740.61650.740.000000,3,2,S,7q,344440,4,3,2,1,1,0,57.0,45.0
307,222,2340.417148,1.666e-30,1.282e-05.0525.0530,57.70350.760.000000,1,0,S,5q,344440,4,3,2,1,1,0,396.0,396.0
308,221,2341.744682,8.4e-29,5.431e-09.0663.0660,0.00000.810.000000,1,0,S,0q,344440,4,3,2,1,1,0,30.0,6.0
309,221,2343.903609,7.140999999999999e-33,1.786e-08.0542.0540,2369.35370.760.000000,2,1,S,4q,344440,4,3,2,1,1,0,78.0,54.0
310,221,2344.875955,1.641e-37,2.999e-08.0488.0490,4771.88140.730.000000,3,2,S,8q,344440,4,3,2,1,1,0,126.0,102.0
311,222,2347.841021,1.7499999999999998e-30,1.291e-05.0512.0510,80.78210.750.000000,1,0,S,6q,344440,4,3,2,1,1,0,468.0,468.0
312,221,2349.59822,7.546e-29,7.153e-09.0621.0620,3.97920.790.000000,1,0,S,1q,344440,4,3,2,1,1,0,21.0,9.0
313,221,2351.54351,3.91e-33,1.878e-08.0525.0520,2389.07300.760.000000,2,1,S,5q,344440,4,3,2,1,1,0,45.0,33.0
314,221,2352.296694,7.774999999999999e-38,3.098e-08.0476.0480,4807.05090.710.000000,3,2,S,9q,344440,4,3,2,1,1,0,69.0,57.0
315,222,2355.229929,1.7709999999999997e-30,1.300e-05.0499.0500,107.70530.740.000000,1,0,S,7q,344440,4,3,2,1,1,0,540.0,540.0
316,221,2357.416324,2.1109999999999998e-28,8.143e-09.0588.0590,11.93730.780.000000,1,0,S,2q,344440,4,3,2,1,1,0,54.0,30.0
317,221,2359.14676,8.193e-33,1.960e-08.0512.0510,2412.73470.750.000000,2,1,S,6q,344440,4,3,2,1,1,0,102.0,78.0
318,221,2359.679557,1.4329999999999999e-37,3.196e-08.0463.0460,4846.12380.680.000000,3,2,S,10q,344440,4,3,2,1,1,0,150.0,126.0
319,222,2362.583615,1.734e-30,1.310e-05.0488.0490,138.47210.730.000000,1,0,S,8q,344440,4,3,2,1,1,0,612.0,612.0
320,221,2365.198717,1.314e-28,8.848e-09.0562.0560,23.87430.770.000000,1,0,S,3q,344440,4,3,2,1,1,0,33.0,21.0
321,221,2366.713081,4.1329999999999995e-33,2.036e-08.0499.0500,2440.33790.740.000000,2,1,S,7q,344440,4,3,2,1,1,0,57.0,45.0
322,221,2367.024264,6.425e-38,3.290e-08.0448.0450,4889.09860.650.000000,3,2,S,11q,344440,4,3,2,1,1,0,81.0,69.0
323,222,2369.901819,1.648e-30,1.320e-05.0476.0480,173.08140.710.000000,1,0,S,9q,344440,4,3,2,1,1,0,684.0,684.0
324,221,2372.945123,3.037e-28,9.409e-09.0542.0540,39.78950.760.000000,1,0,S,4q,344440,4,3,2,1,1,0,78.0,54.0
325,221,2374.242195,8.066e-33,2.109e-08.0488.0490,2471.88160.730.000000,2,1,S,8q,344440,4,3,2,1,1,0,126.0,102.0
326,221,2374.3305370000003,1.124e-37,3.386e-08.0433.0430,4935.97390.620.000000,3,2,S,12q,344440,4,3,2,1,1,0,174.0,150.0
327,222,2377.18428,1.523e-30,1.329e-05.0463.0460,211.53220.680.000000,1,0,S,10q,344440,4,3,2,1,1,0,756.0,756.0
328,221,2380.655265,1.661e-28,9.889e-09.0525.0520,59.68260.760.000000,1,0,S,5q,344440,4,3,2,1,1,0,45.0,33.0
329,221,2381.598094,4.793000000000001e-38,3.479e-08.0415.0420,4986.74790.570.000000,3,2,S,13q,344440,4,3,2,1,1,0,93.0,81.0
330,221,2381.733823,3.817e-33,2.179e-08.0476.0480,2507.36480.710.000000,2,1,S,9q,344440,4,3,2,1,1,0,69.0,57.0
331,222,2384.430741,1.37e-30,1.339e-05.0448.0450,253.82300.650.000000,1,0,S,11q,344440,4,3,2,1,1,0,828.0,828.0
332,221,2388.328865,3.478e-28,1.033e-08.0512.0510,83.55270.750.000000,1,0,S,6q,344440,4,3,2,1,1,0,102.0,78.0
333,221,2388.826657,7.986999999999999e-38,3.573e-08.0396.0400,5041.41900.520.000000,3,2,S,14q,344440,4,3,2,1,1,0,198.0,174.0
334,221,2389.187688,7.022e-33,2.248e-08.0463.0460,2546.78620.680.000000,2,1,S,10q,344440,4,3,2,1,1,0,150.0,126.0
335,222,2391.64094,1.202e-30,1.349e-05.0433.0430,299.95260.620.000000,1,0,S,12q,344440,4,3,2,1,1,0,900.0,900.0
336,221,2395.965647,1.7530000000000001e-28,1.073e-08.0499.0500,111.39910.740.000000,1,0,S,7q,344440,4,3,2,1,1,0,57.0,45.0
337,221,2396.015945,3.25e-38,3.667e-08.0375.0370,5099.98500.470.000000,3,2,S,15q,344440,4,3,2,1,1,0,105.0,93.0
338,221,2396.6035100000004,3.144e-33,2.315e-08.0448.0450,2590.14440.650.000000,2,1,S,11q,344440,4,3,2,1,1,0,81.0,69.0
339,222,2398.814618,1.0299999999999999e-30,1.359e-05.0415.0410,349.91930.570.000000,1,0,S,13q,344440,4,3,2,1,1,0,972.0,972.0
340,221,2403.165677,5.172999999999999e-38,3.762e-08.0354.0350,5162.44410.410.000000,3,2,S,16q,344440,4,3,2,1,1,0,222.0,198.0
341,221,2403.565333,3.416000000000001e-28,1.111e-08.0488.0490,143.22090.730.000000,1,0,S,8q,344440,4,3,2,1,1,0,126.0,102.0
342,221,2403.981011,5.486999999999999e-33,2.382e-08.0433.0430,2637.43790.620.000000,2,1,S,12q,344440,4,3,2,1,1,0,174.0,150.0
343,222,2405.951514,8.614e-31,1.369e-05.0396.0400,403.72150.520.000000,1,0,S,14q,344440,4,3,2,1,1,0,1044.0,1044.0
344,221,2410.275572,2.0119999999999998e-38,3.856e-08.0332.0330,5228.79400.340.000000,3,2,S,17q,344440,4,3,2,1,1,0,117.0,105.0
345,221,2411.127645,1.6140000000000002e-28,1.148e-08.0476.0480,179.01680.710.000000,1,0,S,9q,344440,4,3,2,1,1,0,69.0,57.0
346,221,2411.319912,2.336e-33,2.448e-08.0415.0420,2688.66510.570.000000,2,1,S,13q,344440,4,3,2,1,1,0,93.0,81.0
347,222,2413.0513690000002,7.043999999999999e-31,1.379e-05.0375.0380,461.35730.470.000000,1,0,S,15q,344440,4,3,2,1,1,0,1116.0,1116.0
348,221,2417.345351,3.064e-38,3.952e-08.0311.0310,5299.03220.270.000000,3,2,S,18q,344440,4,3,2,1,1,0,246.0,222.0
349,221,2418.619934,3.882999999999999e-33,2.514e-08.0396.0400,2743.82420.520.000000,2,1,S,14q,344440,4,3,2,1,1,0,198.0,174.0
350,221,2418.652306,2.9639999999999997e-28,1.184e-08.0463.0460,218.78560.680.000000,1,0,S,10q,344440,4,3,2,1,1,0,150.0,126.0
351,222,2420.113921,5.632e-31,1.389e-05.0354.0350,522.82490.410.000000,1,0,S,16q,344440,4,3,2,1,1,0,1188.0,1188.0
352,221,2424.374732,1.1409999999999999e-38,4.047e-08.0291.0290,5373.15640.200.000000,3,2,S,19q,344440,4,3,2,1,1,0,129.0,117.0
353,221,2425.880796,1.5759999999999997e-33,2.580e-08.0375.0370,2802.91320.470.000000,2,1,S,15q,344440,4,3,2,1,1,0,105.0,93.0
354,221,2426.139038,1.325e-28,1.220e-08.0448.0450,262.52610.650.000000,1,0,S,11q,344440,4,3,2,1,1,0,81.0,69.0
355,222,2427.138911,4.403999999999999e-31,1.399e-05.0332.0330,588.12220.340.000000,1,0,S,17q,344440,4,3,2,1,1,0,1260.0,1260.0
356,221,2431.363434,1.665e-38,4.147e-08.0274.0270,5451.16390.200.000000,3,2,S,20q,344440,4,3,2,1,1,0,270.0,246.0
357,221,2433.1022199999998,2.5019999999999996e-33,2.647e-08.0354.0350,2865.93000.410.000000,2,1,S,16q,344440,4,3,2,1,1,0,222.0,198.0
358,221,2433.587563,2.308e-28,1.255e-08.0433.0430,310.23660.620.000000,1,0,S,12q,344440,4,3,2,1,1,0,174.0,150.0
359,222,2434.126077,3.37e-31,1.409e-05.0311.0310,657.24710.270.000000,1,0,S,18q,344440,4,3,2,1,1,0,1332.0,1332.0
360,221,2438.311175,5.942999999999999e-39,4.244e-08.0273.0270,5533.05200.200.000000,3,2,S,21q,344440,4,3,2,1,1,0,141.0,129.0
361,221,2440.283927,9.707e-34,2.714e-08.0332.0330,2932.87250.340.000000,2,1,S,17q,344440,4,3,2,1,1,0,117.0,105.0
362,221,2440.997602,9.804e-29,1.290e-08.0415.0420,361.91560.570.000000,1,0,S,13q,344440,4,3,2,1,1,0,93.0,81.0
363,222,2441.075159,2.5260000000000002e-31,1.419e-05.0291.0290,730.19710.200.000000,1,0,S,19q,344440,4,3,2,1,1,0,1404.0,1404.0
364,221,2445.217674,8.311e-39,4.343e-08.0273.0270,5618.81770.200.000000,3,2,S,22q,344440,4,3,2,1,1,0,294.0,270.0
365,221,2447.425635,1.4739999999999999e-33,2.783e-08.0311.0310,3003.73830.270.000000,2,1,S,18q,344440,4,3,2,1,1,0,246.0,222.0
366,222,2447.985897,1.853e-31,1.429e-05.0274.0270,806.96980.200.000000,1,0,S,20q,344440,4,3,2,1,1,0,1476.0,1476.0
367,221,2448.368877,1.6259999999999999e-28,1.325e-08.0396.0400,417.56110.520.000000,1,0,S,14q,344440,4,3,2,1,1,0,198.0,174.0
368,221,2452.082649,2.846e-39,4.443e-08.0273.0270,5708.45800.200.000000,3,2,S,23q,344440,4,3,2,1,1,0,153.0,141.0
369,221,2454.5270649999998,5.472e-34,2.850e-08.0291.0290,3078.52490.200.000000,2,1,S,19q,344440,4,3,2,1,1,0,129.0,117.0
370,222,2454.858028,1.331e-31,1.440e-05.0273.0270,887.56270.200.000000,1,0,S,21q,344440,4,3,2,1,1,0,1548.0,1548.0
371,221,2455.70111,6.585e-29,1.360e-08.0375.0370,477.17140.470.000000,1,0,S,15q,344440,4,3,2,1,1,0,105.0,93.0
372,221,2458.905819,3.8189999999999996e-39,4.545e-08.0273.0270,5801.96980.200.000000,3,2,S,24q,344440,4,3,2,1,1,0,318.0,294.0
373,221,2461.587938,7.953999999999999e-34,2.918e-08.0274.0270,3157.22980.200.000000,2,1,S,20q,344440,4,3,2,1,1,0,270.0,246.0
374,222,2461.691293,9.365999999999999e-32,1.450e-05.0273.0270,971.97310.200.000000,1,0,S,22q,344440,4,3,2,1,1,0,1620.0,1620.0
375,221,2462.994022,1.042e-28,1.395e-08.0354.0350,540.74430.410.000000,1,0,S,16q,344440,4,3,2,1,1,0,222.0,198.0
376,221,2465.6869,1.255e-39,4.646e-08.0273.0270,5899.34970.200.000000,3,2,S,25q,344440,4,3,2,1,1,0,165.0,153.0
377,222,2468.485429,6.459999999999999e-32,1.461e-05.0273.0270,1060.19820.200.000000,1,0,S,23q,344440,4,3,2,1,1,0,1692.0,1692.0
378,221,2468.607972,2.83e-34,2.988e-08.0273.0270,3239.85010.200.000000,2,1,S,21q,344440,4,3,2,1,1,0,141.0,129.0
379,221,2470.247334,4.033e-29,1.431e-08.0332.0330,608.27760.340.000000,1,0,S,17q,344440,4,3,2,1,1,0,117.0,105.0
380,221,2472.425612,1.617e-39,4.750e-08.0273.0270,6000.59430.200.000000,3,2,S,26q,344440,4,3,2,1,1,0,342.0,318.0
381,222,2475.2401760000002,4.364e-32,1.471e-05.0273.0270,1152.23490.200.000000,1,0,S,24q,344440,4,3,2,1,1,0,1764.0,1764.0
382,221,2475.586887,3.943e-34,3.058e-08.0273.0270,3326.38290.200.000000,2,1,S,22q,344440,4,3,2,1,1,0,294.0,270.0
383,221,2477.460767,6.104e-29,1.467e-08.0311.0310,679.76900.270.000000,1,0,S,18q,344440,4,3,2,1,1,0,246.0,222.0
384,222,2481.9552719999997,2.89e-32,1.482e-05.0273.0270,1248.08020.200.000000,1,0,S,25q,344440,4,3,2,1,1,0,1836.0,1836.0
385,221,2482.524403,1.345e-34,3.128e-08.0273.0270,3416.82530.200.000000,2,1,S,23q,344440,4,3,2,1,1,0,153.0,141.0
386,221,2484.634043,2.26e-29,1.503e-08.0291.0290,755.21600.200.000000,1,0,S,19q,344440,4,3,2,1,1,0,129.0,117.0
387,222,2488.630455,1.8759999999999998e-32,1.492e-05.0273.0270,1347.73100.200.000000,1,0,S,26q,344440,4,3,2,1,1,0,1908.0,1908.0
388,221,2489.420239,1.7979999999999998e-34,3.201e-08.0273.0270,3511.17410.200.000000,2,1,S,24q,344440,4,3,2,1,1,0,318.0,294.0
389,221,2491.766881,3.2739999999999995e-29,1.539e-08.0274.0270,834.61610.200.000000,1,0,S,20q,344440,4,3,2,1,1,0,270.0,246.0
390,222,2495.265464,1.194e-32,1.503e-05.0273.0270,1451.18370.200.000000,1,0,S,27q,344440,4,3,2,1,1,0,1980.0,1980.0
391,221,2496.2741140000003,5.885e-35,3.273e-08.0273.0270,3609.42590.200.000000,2,1,S,25q,344440,4,3,2,1,1,0,165.0,153.0
392,221,2498.859003,1.161e-29,1.576e-08.0273.0270,917.96630.200.000000,1,0,S,21q,344440,4,3,2,1,1,0,141.0,129.0
393,222,2501.860038,7.446e-33,1.514e-05.0273.0270,1558.43510.200.000000,1,0,S,28q,344440,4,3,2,1,1,0,2052.0,2052.0
394,221,2503.085747,7.548999999999999e-35,3.346e-08.0273.0270,3711.57730.200.000000,2,1,S,26q,344440,4,3,2,1,1,0,342.0,318.0
395,221,2505.910129,1.612e-29,1.613e-08.0273.0270,1005.26390.200.000000,1,0,S,22q,344440,4,3,2,1,1,0,294.0,270.0
396,222,2508.413914,4.5559999999999995e-33,1.525e-05.0273.0270,1669.48140.200.000000,1,0,S,29q,344440,4,3,2,1,1,0,2124.0,2124.0
397,221,2509.854856,2.372e-35,3.420e-08.0273.0270,3817.62480.200.000000,2,1,S,27q,344440,4,3,2,1,1,0,177.0,165.0
398,221,2512.919981,5.477e-30,1.650e-08.0273.0270,1096.50590.200.000000,1,0,S,23q,344440,4,3,2,1,1,0,153.0,141.0
399,222,2514.92683,2.7339999999999996e-33,1.536e-05.0273.0270,1784.31910.200.000000,1,0,S,30q,344440,4,3,2,1,1,0,2196.0,2196.0
400,221,2516.581162,2.9219999999999995e-35,3.495e-08.0273.0270,3927.56450.200.000000,2,1,S,28q,344440,4,3,2,1,1,0,366.0,342.0
401,221,2519.888277,7.291e-30,1.688e-08.0273.0270,1191.68900.200.000000,1,0,S,24q,344440,4,3,2,1,1,0,318.0,294.0
402,222,2521.398525,1.6079999999999997e-33,1.546e-05.0273.0270,1902.94410.200.000000,1,0,S,31q,344440,4,3,2,1,1,0,2268.0,2268.0
403,221,2523.264381,8.817e-36,3.571e-08.0273.0270,4041.39280.200.000000,2,1,S,29q,344440,4,3,2,1,1,0,189.0,177.0
404,221,2526.814738,2.377e-30,1.727e-08.0273.0270,1290.81000.200.000000,1,0,S,25q,344440,4,3,2,1,1,0,165.0,153.0
405,222,2527.828736,9.278e-34,1.557e-05.0273.0270,2025.35250.200.000000,1,0,S,32q,344440,4,3,2,1,1,0,2340.0,2340.0
406,221,2529.9042329999997,1.0429999999999998e-35,3.646e-08.0273.0270,4159.10550.200.000000,2,1,S,30q,344440,4,3,2,1,1,0,390.0,366.0
407,221,2533.699085,3.035e-30,1.765e-08.0273.0270,1393.86550.200.000000,1,0,S,26q,344440,4,3,2,1,1,0,342.0,318.0
408,222,2534.217202,5.25e-34,1.568e-05.0273.0270,2151.54030.200.000000,1,0,S,33q,344440,4,3,2,1,1,0,2412.0,2412.0
409,221,2536.500436,3.0249999999999994e-36,3.725e-08.0273.0270,4280.69860.200.000000,2,1,S,31q,344440,4,3,2,1,1,0,201.0,189.0
410,221,2540.541038,9.495999999999998e-31,1.804e-08.0273.0270,1500.85180.200.000000,1,0,S,27q,344440,4,3,2,1,1,0,177.0,165.0
411,222,2540.5636600000003,2.9139999999999997e-34,1.579e-05.0273.0270,2281.50340.200.000000,1,0,S,34q,344440,4,3,2,1,1,0,2484.0,2484.0
412,221,2543.0527079999997,3.44e-36,3.804e-08.0273.0270,4406.16770.200.000000,2,1,S,32q,344440,4,3,2,1,1,0,414.0,390.0
413,222,2546.867847,1.5869999999999997e-34,1.591e-05.0273.0270,2415.23710.200.000000,1,0,S,35q,344440,4,3,2,1,1,0,2556.0,2556.0
414,221,2547.340316,1.164e-30,1.844e-08.0273.0270,1611.76520.200.000000,1,0,S,28q,344440,4,3,2,1,1,0,366.0,342.0
415,221,2549.5607670000004,9.585999999999999e-37,3.883e-08.0273.0270,4535.50860.200.000000,2,1,S,33q,344440,4,3,2,1,1,0,213.0,201.0
416,222,2553.1295010000003,8.481999999999999e-35,1.602e-05.0273.0270,2552.73680.200.000000,1,0,S,36q,344440,4,3,2,1,1,0,2628.0,2628.0
417,221,2554.096639,3.4969999999999997e-31,1.884e-08.0273.0270,1726.60190.200.000000,1,0,S,29q,344440,4,3,2,1,1,0,189.0,177.0
418,221,2556.024331,1.0479999999999999e-36,3.965e-08.0273.0270,4668.71660.200.000000,2,1,S,34q,344440,4,3,2,1,1,0,438.0,414.0
419,222,2559.34836,4.4439999999999996e-35,1.613e-05.0273.0270,2693.99850.200.000000,1,0,S,37q,344440,4,3,2,1,1,0,2700.0,2700.0
420,221,2560.809727,4.117e-31,1.925e-08.0273.0270,1845.35800.200.000000,1,0,S,30q,344440,4,3,2,1,1,0,390.0,366.0
421,221,2562.4431170000003,2.807e-37,4.045e-08.0273.0270,4805.78700.200.000000,2,1,S,35q,344440,4,3,2,1,1,0,225.0,213.0
422,222,2565.524161,2.2859999999999998e-35,1.624e-05.0273.0270,2839.01680.200.000000,1,0,S,38q,344440,4,3,2,1,1,0,2772.0,2772.0
423,221,2567.4792989999996,1.188e-31,1.967e-08.0273.0270,1968.02930.200.000000,1,0,S,31q,344440,4,3,2,1,1,0,201.0,189.0
424,221,2568.816844,2.95e-37,4.128e-08.0273.0270,4946.71520.200.000000,2,1,S,36q,344440,4,3,2,1,1,0,462.0,438.0
425,222,2571.656641,1.1529999999999999e-35,1.636e-05.0273.0270,2987.78740.200.000000,1,0,S,39q,344440,4,3,2,1,1,0,2844.0,2844.0
426,221,2574.1050760000003,1.343e-31,2.007e-08.0273.0270,2094.61150.200.000000,1,0,S,32q,344440,4,3,2,1,1,0,414.0,390.0
427,221,2575.1452289999997,7.6e-38,4.211e-08.0273.0270,5091.49610.200.000000,2,1,S,37q,344440,4,3,2,1,1,0,237.0,225.0
428,222,2577.7455370000002,5.7099999999999996e-36,1.647e-05.0273.0270,3140.30490.200.000000,1,0,S,40q,344440,4,3,2,1,1,0,2916.0,2916.0
429,221,2580.686776,3.7219999999999995e-32,2.049e-08.0273.0270,2225.10030.200.000000,1,0,S,33q,344440,4,3,2,1,1,0,213.0,201.0
430,221,2581.4279899999997,7.682e-38,4.295e-08.0273.0270,5240.12460.200.000000,2,1,S,38q,344440,4,3,2,1,1,0,486.0,462.0
431,221,2587.224119,4.046e-32,2.093e-08.0273.0270,2359.49110.200.000000,1,0,S,34q,344440,4,3,2,1,1,0,438.0,414.0
432,221,2587.664842,1.904e-38,4.381e-08.0273.0270,5392.59550.200.000000,2,1,S,39q,344440,4,3,2,1,1,0,249.0,237.0
433,221,2593.7168239999996,1.078e-32,2.136e-08.0273.0270,2497.77920.200.000000,1,0,S,35q,344440,4,3,2,1,1,0,225.0,213.0
434,221,2593.855504,1.8509999999999998e-38,4.467e-08.0273.0270,5548.90350.200.000000,2,1,S,40q,344440,4,3,2,1,1,0,510.0,486.0
435,221,2599.9996929999998,4.414e-39,4.555e-08.0273.0270,5709.04310.200.000000,2,1,S,41q,344440,4,3,2,1,1,0,261.0,249.0
